Date,Open,High,Low,Close,Adj Close,Volume,Day
2018-09-26,14.81,14.87,14.78,14.78,13.80521,6200,1
2018-09-27,14.86,14.86,14.78,14.78,13.80521,3400,2
2018-09-28,14.719,14.79,14.719,14.726,13.754773,2000,3
2018-10-01,14.84,14.9,14.84,14.85,13.870594,3300,4
2018-10-02,14.73,14.85,14.73,14.84,13.861253,1700,5
2018-10-03,14.836,14.84,14.81,14.81,13.833231,3100,6
2018-10-04,14.671,14.671,14.544,14.544,13.584775,1500,7
2018-10-05,14.5,14.5,14.28,14.34,13.394231,3800,8
2018-10-08,14.28,14.32,14.166,14.257,13.316703,6000,9
2018-10-09,14.172,14.245,14.12,14.12,13.18874,6000,10
2018-10-10,14.19,14.19,13.67,13.695,12.791769,7200,11
2018-10-11,13.63,13.768,13.406,13.5,12.609631,8000,12
2018-10-12,13.68,13.7,13.47,13.489,12.599358,2600,13
2018-10-15,13.62,13.62,13.48,13.48,12.59095,29400,14
2018-10-16,13.59,13.75,13.59,13.743,12.836604,64900,15
2018-10-17,13.89,13.89,13.7,13.71,12.805779,3700,16
2018-10-18,13.7,13.7,13.378,13.45,12.562927,10400,17
2018-10-19,13.518,13.518,13.39,13.39,12.506886,1100,18
2018-10-22,13.35,13.45,13.35,13.44,12.553588,5600,19
2018-10-23,13.22,13.4,13.11,13.33,12.450843,28600,20
2018-10-24,13.29,13.29,12.855,12.865,12.016511,22200,21
2018-10-25,12.82,13.01,12.82,13.01,12.151947,54200,22
2018-10-26,12.67,13.019,12.62,12.83,11.983819,82800,23
2018-10-29,13.18,13.18,12.8,12.8,11.955797,6700,24
2018-10-30,12.786,12.93,12.786,12.861,12.012774,9900,25
2018-10-31,13.24,13.25,13.194,13.24,12.366777,2400,26
2018-11-01,13.3,13.535,13.3,13.5,12.609631,2800,27
2018-11-02,13.64,13.64,13.4,13.465,12.57694,3300,28
2018-11-05,13.5,13.5,13.36,13.36,12.478864,1200,29
2018-11-06,13.5,13.557,13.5,13.557,12.662871,1600,30
2018-11-07,13.6,13.71,13.6,13.71,12.805779,2900,31
2018-11-08,13.64,13.66,13.63,13.63,12.731056,3600,32
2018-11-09,13.54,13.54,13.36,13.36,12.478864,2300,33
2018-11-12,13.26,13.3,13.04,13.06,12.198649,10700,34
2018-11-13,13.07,13.106,13.07,13.09,12.226672,1300,35
2018-11-14,13.21,13.217,13.055,13.055,12.19398,4400,36
2018-11-15,13.05,13.25,13.05,13.19,12.320077,1700,37
2018-11-16,13.208,13.22,13.199,13.22,12.348098,1100,38
2018-11-19,13.23,13.23,12.99,12.99,12.133266,9200,39
2018-11-20,12.75,12.85,12.64,12.69,11.853053,6500,40
2018-11-21,12.83,12.934,12.83,12.932,12.079092,1700,41
2018-11-23,12.932,12.932,12.932,12.932,12.079092,100,42
2018-11-26,12.99,13.011,12.99,13.011,12.152882,3300,43
2018-11-27,12.99,12.99,12.96,12.98,12.123925,1200,44
2018-11-28,12.983,13.18,12.91,13.18,12.310735,2300,45
2018-11-29,13.16,13.21,13.14,13.21,12.338758,1300,46
2018-11-30,13.16,13.25,13.095,13.25,12.376119,1600,47
2018-12-03,13.66,13.66,13.51,13.54,12.646992,2200,48
2018-12-04,13.44,13.44,13.13,13.14,12.273374,3600,49
2018-12-06,12.77,12.835,12.697,12.835,11.98849,4600,50
2018-12-07,12.77,12.77,12.49,12.525,11.698934,6200,51
2018-12-10,12.52,12.56,12.26,12.475,11.652232,42100,52
2018-12-11,12.67,12.709,12.53,12.53,11.703605,8200,53
2018-12-12,12.68,12.85,12.64,12.708,11.869865,15900,54
2018-12-13,12.72,12.74,12.62,12.645,11.811022,5500,55
2018-12-14,12.5,12.57,12.5,12.53,11.703605,1000,56
2018-12-17,12.37,12.425,12.141,12.141,11.340261,2400,57
2018-12-18,12.372,12.452,12.3,12.315,11.502786,4000,58
2018-12-19,12.315,12.315,12.315,12.315,11.502786,300,59
2018-12-20,12.09,12.091,11.81,11.85,11.068453,4300,60
2018-12-21,11.96,11.96,11.663,11.663,10.893787,3900,61
2018-12-24,11.5,11.56,11.44,11.451,10.695767,10400,62
2018-12-26,11.42,11.73,11.341,11.73,10.956367,13800,63
2018-12-27,11.65,11.729,11.551,11.6,10.834942,6000,64
2018-12-28,11.73,11.73,11.605,11.655,11.20011,3900,65
2018-12-31,11.77,11.81,11.633,11.66,11.204916,6200,66
2019-01-02,11.51,11.765,11.465,11.76,11.301012,4300,67
2019-01-03,11.517,11.52,11.39,11.39,10.945454,2800,68
2019-01-04,11.585,11.887,11.585,11.842,11.379811,13100,69
2019-01-07,11.92,12.11,11.92,12.1,11.627743,2100,70
2019-01-08,12.17,12.215,12.036,12.08,11.608521,4700,71
2019-01-09,12.25,12.35,12.25,12.34,11.858377,5600,72
2019-01-10,12.26,12.345,12.26,12.32,11.839157,2700,73
2019-01-11,12.33,12.41,12.33,12.41,11.925643,1900,74
2019-01-14,12.32,12.331,12.31,12.331,11.849728,1600,75
2019-01-15,12.33,12.39,12.33,12.35,11.867984,2400,76
2019-01-16,12.43,12.5,12.406,12.45,11.964082,7000,77
2019-01-17,12.384,12.54,12.384,12.54,12.05057,4600,78
2019-01-18,12.686,12.73,12.685,12.695,12.199517,3900,79
2019-01-22,12.58,12.58,12.35,12.35,11.867984,6400,80
2019-01-23,12.41,12.41,12.29,12.31,11.829546,2900,81
2019-01-24,12.44,12.58,12.44,12.57,12.079397,3800,82
2019-01-25,12.786,12.86,12.786,12.827,12.326367,4400,83
2019-01-28,12.56,12.63,12.56,12.615,12.122641,2200,84
2019-01-29,12.68,12.68,12.59,12.59,12.098618,4600,85
2019-01-30,12.725,12.84,12.725,12.79,12.290812,6100,86
2019-01-31,12.92,12.92,12.9,12.904,12.400364,3300,87
2019-02-01,12.91,13.002,12.91,12.949,12.443607,2900,88
2019-02-04,12.95,13.018,12.95,13.018,12.509912,2000,89
2019-02-05,13.08,13.16,13.08,13.09,12.579103,2400,90
2019-02-06,13.24,13.24,13.17,13.17,12.655981,4100,91
2019-02-07,12.825,12.84,12.81,12.826,12.325407,2100,92
2019-02-08,12.64,12.69,12.6,12.69,12.194715,600,93
2019-02-11,12.75,12.77,12.73,12.77,12.271592,2300,94
2019-02-12,12.94,12.98,12.94,12.977,12.470512,3600,95
2019-02-13,13.08,13.08,13.04,13.05,12.540664,7000,96
2019-02-14,13.04,13.07,13.04,13.07,12.559883,1000,97
2019-02-15,13.202,13.23,13.184,13.23,12.713637,2500,98
2019-02-19,13.19,13.282,13.19,13.282,12.76361,3300,99
2019-02-20,13.38,13.42,13.38,13.42,12.896223,3100,100
2019-02-21,13.39,13.39,13.35,13.35,12.828956,4400,101
2019-02-22,13.49,13.5,13.45,13.49,12.96349,4000,102
2019-02-25,13.64,13.74,13.64,13.67,13.136465,22200,103
2019-02-26,13.67,13.67,13.59,13.62,13.088417,4300,104
2019-02-27,13.62,13.62,13.55,13.568,13.038446,3900,105
2019-02-28,13.54,13.54,13.4,13.45,12.925052,6400,106
2019-03-01,13.59,13.59,13.45,13.494,12.967337,2700,107
2019-03-04,13.58,13.58,13.394,13.48,12.953883,4900,108
2019-03-05,13.5,13.5,13.341,13.405,12.881807,11900,109
2019-03-06,13.43,13.43,13.23,13.23,12.713637,4400,110
2019-03-07,13.3,13.3,12.98,12.98,12.473394,16900,111
2019-03-08,12.88,12.907,12.8,12.907,12.403245,2800,112
2019-03-11,13,13.19,13,13.19,12.6752,2500,113
2019-03-12,13.25,13.25,13.19,13.21,12.69442,2500,114
2019-03-13,13.26,13.26,13.26,13.26,12.742469,200,115
2019-03-14,13.28,13.28,13.189,13.189,12.674239,4700,116
2019-03-15,13.19,13.34,13.19,13.26,12.742469,4500,117
2019-03-18,13.35,13.38,13.32,13.38,12.857783,2700,118
2019-03-19,13.38,13.48,13.38,13.435,12.910639,12900,119
2019-03-20,13.37,13.45,13.272,13.405,12.881807,18000,120
2019-03-21,13.39,13.59,13.39,13.59,13.059588,4200,121
2019-03-22,13.58,13.58,13.199,13.199,12.683849,7000,122
2019-03-25,13.16,13.16,13.05,13.05,12.540664,4600,123
2019-03-26,13.2,13.23,13.154,13.158,12.644449,7400,124
2019-03-27,13.25,13.25,13.06,13.11,12.598322,6400,125
2019-03-28,13.11,13.14,13.078,13.14,12.627151,2000,126
2019-03-29,13.29,13.29,13.2,13.224,12.707872,7800,127
2019-04-01,13.46,13.56,13.39,13.542,13.01346,3600,128
2019-04-02,13.56,13.63,13.55,13.63,13.098027,3100,129
2019-04-03,13.69,13.88,13.69,13.79,13.251783,11000,130
2019-04-04,13.82,13.92,13.81,13.92,13.376708,11600,131
2019-04-05,13.95,13.97,13.925,13.925,13.381513,14400,132
2019-04-08,13.94,14,13.89,14,13.453587,9500,133
2019-04-09,13.95,13.95,13.84,13.86,13.31905,25300,134
2019-04-10,13.885,13.94,13.885,13.94,13.395928,4500,135
2019-04-11,13.91,13.94,13.903,13.92,13.376708,2100,136
2019-04-12,14.05,14.08,14.03,14.07,13.520854,8300,137
2019-04-15,14.14,14.14,13.931,14.017,13.469922,43400,138
2019-04-16,14.09,14.24,14.09,14.215,13.660194,22800,139
2019-04-17,14.45,14.45,14.36,14.381,13.819715,10700,140
2019-04-18,14.39,14.4,14.35,14.4,13.837974,6200,141
2019-04-22,14.35,14.35,14.307,14.34,13.780315,8500,142
2019-04-23,14.3,14.34,14.3,14.3,13.741878,9600,143
2019-04-24,14.28,14.28,14.256,14.28,13.722657,13500,144
2019-04-25,14.23,14.23,13.93,14.008,13.461274,52700,145
2019-04-26,13.945,14.01,13.945,14,13.453587,3500,146
2019-04-29,14.02,14.07,13.973,14.06,13.511245,11800,147
2019-04-30,13.99,13.99,13.923,13.982,13.436289,3100,148
2019-05-01,14.12,14.12,13.92,13.92,13.376708,7300,149
2019-05-02,13.99,13.99,13.906,13.906,13.363256,2800,150
2019-05-03,14.09,14.18,14.052,14.18,13.62656,9700,151
2019-05-06,13.79,13.98,13.724,13.98,13.434366,5100,152
2019-05-07,13.88,13.88,13.58,13.598,13.067275,8200,153
2019-05-08,13.59,13.716,13.59,13.66,13.126858,3700,154
2019-05-09,13.4,13.438,13.23,13.38,12.857783,7800,155
2019-05-10,13.35,13.4,13.19,13.385,12.862589,4700,156
2019-05-13,13.07,13.07,12.8,12.9,12.396519,19400,157
2019-05-14,12.97,13.12,12.97,13.07,12.559883,1900,158
2019-05-15,12.94,13.21,12.94,13.21,12.69442,5300,159
2019-05-16,13.21,13.21,13.09,13.09,12.579103,18700,160
2019-05-17,13.04,13.04,12.845,12.845,12.343666,18900,161
2019-05-20,12.67,12.67,12.548,12.552,12.0621,16900,162
2019-05-21,12.74,12.8,12.709,12.8,12.300421,2800,163
2019-05-22,12.66,12.695,12.56,12.56,12.069788,13000,164
2019-05-23,12.33,12.33,12.255,12.29,11.810327,8700,165
2019-05-24,12.39,12.48,12.331,12.37,11.887204,6600,166
2019-05-28,12.47,12.48,12.34,12.38,11.896813,15800,167
2019-05-29,12.24,12.32,12.21,12.293,11.81321,11000,168
2019-05-30,12.29,12.42,12.29,12.35,11.867984,17700,169
2019-05-31,12.17,12.21,12.12,12.17,11.695009,8300,170
2019-06-03,12.18,12.315,12.165,12.165,11.690205,9800,171
2019-06-04,12.561,12.589,12.56,12.589,12.097657,1800,172
2019-06-05,12.75,12.75,12.55,12.58,12.089008,4200,173
2019-06-06,12.58,12.682,12.58,12.682,12.187028,1400,174
2019-06-07,12.75,12.84,12.74,12.84,12.33886,5200,175
2019-06-10,12.95,13.1,12.95,13.01,12.502225,11500,176
2019-06-11,13.15,13.162,13.071,13.083,12.572375,11200,177
2019-06-12,13.05,13.05,12.94,12.96,12.454177,4100,178
2019-06-13,13,13,12.96,12.96,12.454177,2500,179
2019-06-14,12.93,12.93,12.818,12.818,12.317719,5500,180
2019-06-17,12.86,12.89,12.82,12.85,12.34847,3000,181
2019-06-18,12.95,13.16,12.95,13.13,12.617542,7600,182
2019-06-19,13.16,13.173,13.145,13.173,12.658862,2500,183
2019-06-20,13.403,13.403,13.25,13.34,12.819345,11700,184
2019-06-21,13.32,13.32,13.258,13.27,12.752078,2900,185
2019-06-24,13.29,13.3,13.242,13.25,12.732858,4700,186
2019-06-25,13.26,13.26,13.111,13.111,12.599283,6600,187
2019-06-26,13.32,13.338,13.315,13.338,12.817424,2700,188
2019-06-27,13.32,13.34,13.29,13.34,12.927901,2800,189
2019-06-28,13.4,13.4,13.335,13.34,12.927901,10800,190
2019-07-01,13.66,13.66,13.4,13.44,13.024812,13700,191
2019-07-02,13.44,13.47,13.35,13.41,12.99574,11600,192
2019-07-03,13.45,13.45,13.35,13.42,13.00543,7700,193
2019-07-05,13.35,13.39,13.245,13.39,12.976357,9200,194
2019-07-08,13.29,13.29,13.199,13.24,12.83099,38100,195
2019-07-09,13.16,13.21,13.13,13.21,12.801918,4300,196
2019-07-10,13.26,13.345,13.21,13.22,12.81161,5800,197
2019-07-11,13.22,13.27,13.2,13.21,12.801918,32300,198
2019-07-12,13.3,13.395,13.3,13.38,12.966665,12900,199
2019-07-15,13.4,13.401,13.38,13.39,12.976357,15700,200
2019-07-16,13.4,13.46,13.39,13.45,13.034502,4600,201
2019-07-17,13.43,13.45,13.34,13.34,12.927901,17500,202
2019-07-18,13.31,13.341,13.28,13.341,12.928871,4800,203
2019-07-19,13.4,13.49,13.4,13.43,13.015123,7800,204
2019-07-22,13.43,13.495,13.41,13.41,12.99574,39400,205
2019-07-23,13.45,13.71,13.45,13.705,13.281627,411200,206
2019-07-24,13.68,13.89,13.68,13.85,13.422147,8300,207
2019-07-25,13.78,13.78,13.61,13.61,13.18956,3700,208
2019-07-26,13.63,13.71,13.63,13.704,13.280657,2900,209
2019-07-29,13.601,13.64,13.575,13.62,13.199252,6100,210
2019-07-30,13.53,13.58,13.493,13.53,13.112033,13300,211
2019-07-31,13.56,13.56,13.311,13.33,12.918211,10600,212
2019-08-01,13.39,13.49,13.1,13.1,12.695314,13100,213
2019-08-02,13.01,13.01,12.8,12.86,12.46273,42300,214
2019-08-05,12.65,12.65,12.442,12.487,12.101252,11900,215
2019-08-06,12.62,12.63,12.485,12.576,12.187502,8600,216
2019-08-07,12.57,12.66,12.48,12.66,12.268907,15600,217
2019-08-08,12.75,12.839,12.73,12.835,12.438502,12800,218
2019-08-09,12.8,12.8,12.62,12.68,12.288292,9700,219
2019-08-12,12.54,12.54,12.45,12.459,12.074117,5700,220
2019-08-13,12.45,12.77,12.35,12.692,12.29992,15200,221
2019-08-14,12.38,12.38,12.205,12.22,11.842501,5900,222
2019-08-15,12.2,12.2,12.019,12.06,11.687445,3100,223
2019-08-16,12.22,12.4,12.22,12.4,12.016941,2400,224
2019-08-19,12.53,12.6,12.52,12.56,12.171997,15000,225
2019-08-20,12.59,12.59,12.48,12.5,12.113853,5700,226
2019-08-21,12.58,12.617,12.571,12.583,12.194287,13800,227
2019-08-22,12.53,12.58,12.455,12.54,12.152616,11700,228
2019-08-23,12.43,12.46,12.088,12.088,11.714578,16600,229
2019-08-26,12.28,12.28,12.182,12.2,11.823117,5500,230
2019-08-27,12.302,12.302,12.16,12.19,11.813427,1100,231
2019-08-28,12.1,12.3,12.1,12.27,11.890958,7100,232
2019-08-29,12.37,12.469,12.37,12.455,12.070242,17900,233
2019-08-30,12.64,12.64,12.515,12.515,12.128386,2500,234
2019-09-03,12.39,12.43,12.38,12.39,12.007249,3600,235
2019-09-04,12.61,12.67,12.603,12.659,12.267939,9100,236
2019-09-05,12.91,13.07,12.91,13,12.598404,26900,237
2019-09-06,13.09,13.09,13.04,13.064,12.660427,5000,238
2019-09-09,13.2,13.266,13.14,13.26,12.850373,5300,239
2019-09-10,13.28,13.4,13.28,13.4,12.986049,9600,240
2019-09-11,13.43,13.56,13.4,13.56,13.141106,21300,241
2019-09-12,13.62,13.669,13.535,13.61,13.18956,15400,242
2019-09-13,13.65,13.76,13.65,13.73,13.305853,11000,243
2019-09-16,13.74,13.74,13.55,13.61,13.18956,16000,244
2019-09-17,13.5,13.51,13.45,13.51,13.092649,14500,245
2019-09-18,13.56,13.56,13.435,13.48,13.063578,14700,246
2019-09-19,13.525,13.61,13.455,13.455,13.039351,22700,247
2019-09-20,13.51,13.51,13.33,13.353,12.940499,9900,248
2019-09-23,13.3,13.36,13.3,13.34,12.927901,8200,249
2019-09-24,13.39,13.39,13.07,13.1,12.695314,11400,250
2019-09-25,13.1,13.11,12.98,13.11,12.705007,24100,251
2019-09-26,13.2,13.23,13.09,13.22,12.81161,37900,252
2019-09-27,13.23,13.23,13.113,13.113,12.707915,3900,253
2019-09-30,13.13,13.17,13.09,13.137,12.731172,10500,254
2019-10-01,13.23,13.23,12.939,12.952,12.551887,4700,255
2019-10-02,12.9,12.9,12.609,12.7,12.307672,31700,256
2019-10-03,12.67,12.79,12.54,12.79,12.394893,4200,257
2019-10-04,12.79,12.895,12.78,12.888,12.489864,5800,258
2019-10-07,12.8,12.909,12.8,12.854,12.456915,21100,259
2019-10-08,12.73,12.73,12.6,12.61,12.220453,2700,260
2019-10-09,12.68,12.727,12.651,12.727,12.333839,2700,261
2019-10-10,12.93,12.96,12.81,12.856,12.458852,24100,262
2019-10-11,13.07,13.275,13.07,13.22,12.81161,8400,263
2019-10-14,13.13,13.16,13.13,13.15,12.743772,6100,264
2019-10-15,13.2,13.381,13.2,13.34,12.927901,13500,265
2019-10-16,13.366,13.43,13.316,13.335,12.923056,15000,266
2019-10-17,13.43,13.46,13.385,13.43,13.015123,10600,267
2019-10-18,13.41,13.41,13.3,13.36,12.947284,14500,268
2019-10-21,13.5,13.5,13.411,13.43,13.015123,13700,269
2019-10-22,13.43,13.526,13.41,13.49,13.073269,18500,270
2019-10-23,13.45,13.46,13.35,13.43,13.015123,8500,271
2019-10-24,13.52,13.58,13.486,13.501,13.083929,13600,272
2019-10-25,13.54,13.74,13.54,13.71,13.286471,15000,273
2019-10-28,13.84,13.89,13.84,13.867,13.438621,11700,274
2019-10-29,13.86,13.86,13.77,13.775,13.349463,17000,275
2019-10-30,13.74,13.78,13.674,13.78,13.354308,10400,276
2019-10-31,13.78,13.78,13.553,13.62,13.199252,3700,277
2019-11-01,13.9,13.98,13.895,13.96,13.528749,23300,278
2019-11-04,14.05,14.27,14.05,14.26,13.81948,18000,279
2019-11-05,14.3,14.4,14.3,14.31,13.867937,14400,280
2019-11-06,14.27,14.33,14.2,14.2,13.761335,9000,281
2019-11-07,14.48,14.5,14.398,14.43,13.98423,37300,282
2019-11-08,14.38,14.49,14.37,14.456,14.009426,8100,283
2019-11-11,14.35,14.45,14.34,14.418,13.9726,3800,284
2019-11-12,14.45,14.47,14.37,14.37,13.926082,8700,285
2019-11-13,14.36,14.36,14.24,14.24,13.800099,62800,286
2019-11-14,14.21,14.21,14.14,14.17,13.732263,64100,287
2019-11-15,14.28,14.347,14.28,14.296,13.854369,71600,288
2019-11-18,14.32,14.32,14.2,14.256,13.815605,72100,289
2019-11-19,14.35,14.35,14.18,14.215,13.775871,5400,290
2019-11-20,14.2,14.2,14,14.055,13.620815,76800,291
2019-11-21,14,14.04,13.97,14.02,13.586897,3400,292
2019-11-22,14.06,14.06,14.013,14.046,13.612092,1300,293
2019-11-25,14.17,14.25,14.143,14.25,13.809789,73000,294
2019-11-26,14.2,14.27,14.2,14.252,13.811728,1900,295
2019-11-27,14.24,14.295,14.24,14.295,13.853398,1600,296
2019-11-29,14.23,14.23,14.14,14.14,13.703188,6000,297
2019-12-02,14.2,14.21,14.02,14.05,13.615969,4600,298
2019-12-03,13.87,13.87,13.72,13.845,13.4173,12500,299
2019-12-04,13.92,14.05,13.92,13.98,13.54813,18100,300
2019-12-05,14.024,14.024,13.95,13.95,13.519058,3700,301
2019-12-06,14.08,14.165,14.08,14.165,13.727416,1400,302
2019-12-09,14.16,14.212,14.11,14.11,13.674115,4900,303
2019-12-10,14.08,14.17,14.08,14.128,13.691558,2100,304
2019-12-11,14.15,14.335,14.15,14.325,13.882472,4400,305
2019-12-12,14.54,14.576,14.467,14.575,14.124749,2500,306
2019-12-13,14.63,14.757,14.543,14.555,14.105368,7100,307
2019-12-16,14.697,14.78,14.65,14.685,14.231352,5600,308
2019-12-17,14.66,14.75,14.66,14.74,14.284654,3000,309
2019-12-18,14.77,14.77,14.7,14.745,14.2895,2900,310
2019-12-19,14.712,14.809,14.71,14.758,14.302098,6200,311
2019-12-20,14.87,14.87,14.77,14.788,14.331171,5200,312
2019-12-23,14.75,14.864,14.75,14.805,14.347645,8600,313
2019-12-24,14.88,14.88,14.79,14.826,14.367996,6600,314
2019-12-26,14.906,14.94,14.86,14.92,14.459094,9400,315
2019-12-27,15,15,14.88,14.88,14.420328,24600,316
2019-12-30,14.95,14.95,14.714,14.733,14.345354,15000,317
2019-12-31,14.78,14.8,14.768,14.792,14.402802,5800,318
2020-01-02,15,15.127,14.94,15.127,14.728988,16700,319
2020-01-03,15,15,14.84,14.907,14.514775,30000,320
2020-01-06,14.81,14.906,14.7,14.905,14.512827,12100,321
2020-01-07,15.04,15.06,14.94,15.01,14.615066,19100,322
2020-01-08,15.12,15.151,14.98,15.12,14.722173,27600,323
2020-01-09,15.24,15.28,15.1,15.145,14.746515,35100,324
2020-01-10,15.24,15.25,15.1,15.1,14.702699,18900,325
2020-01-13,15.26,15.379,15.21,15.345,14.941252,26100,326
2020-01-14,15.41,15.48,15.325,15.39,14.985068,28100,327
2020-01-15,15.35,15.35,15.25,15.276,14.874068,27300,328
2020-01-16,15.43,15.43,15.35,15.416,15.010386,22600,329
2020-01-17,15.5,15.53,15.44,15.53,15.121383,10000,330
2020-01-21,15.55,15.55,15.33,15.355,14.950988,36300,331
2020-01-22,15.49,15.5,15.328,15.35,14.94612,10300,332
2020-01-23,15.31,15.35,15.145,15.334,14.93054,15200,333
2020-01-24,15.41,15.41,15.1,15.16,14.761119,16500,334
2020-01-27,14.81,14.83,14.66,14.83,14.439801,24100,335
2020-01-28,14.81,15.056,14.81,15.024,14.628697,19700,336
2020-01-29,15.03,15.03,14.931,14.962,14.568328,28900,337
2020-01-30,14.86,14.95,14.73,14.88,14.488486,24000,338
2020-01-31,14.86,14.87,14.58,14.588,14.204171,6200,339
2020-02-03,14.61,14.869,14.59,14.81,14.420328,14800,340
2020-02-04,15.15,15.4,15.15,15.291,14.888672,20900,341
2020-02-05,15.58,15.58,15.325,15.469,15.06199,47700,342
2020-02-06,15.55,15.55,15.36,15.5,15.092173,38800,343
2020-02-07,15.35,15.35,15.2,15.2,14.800066,17800,344
2020-02-10,15.21,15.375,15.21,15.375,14.970461,22900,345
2020-02-11,15.56,15.64,15.42,15.59,15.179806,34900,346
2020-02-12,15.78,15.87,15.777,15.85,15.432964,40800,347
2020-02-13,15.74,15.79,15.6,15.75,15.335595,44800,348
2020-02-14,15.81,15.816,15.61,15.675,15.262568,19000,349
2020-02-18,15.55,15.7,15.55,15.62,15.209015,25100,350
2020-02-19,15.8,15.9,15.8,15.875,15.457307,14900,351
2020-02-20,15.89,15.98,15.67,15.82,15.403753,25700,352
2020-02-21,15.76,15.76,15.43,15.475,15.06783,29600,353
2020-02-24,14.86,14.87,14.61,14.77,14.381382,38100,354
2020-02-25,14.92,14.92,14.3,14.312,13.935432,36200,355
2020-02-26,14.37,14.63,14.266,14.35,13.972431,23800,356
2020-02-27,13.96,14.105,13.65,13.677,13.317139,32300,357
2020-02-28,13.2,13.67,13.13,13.64,13.281112,41300,358
2020-03-02,13.84,14.16,13.592,14.16,13.787431,19300,359
2020-03-03,14.25,14.269,13.68,13.87,13.505061,20000,360
2020-03-04,14.03,14.25,13.945,14.23,13.85559,8300,361
2020-03-05,13.8,13.969,13.645,13.645,13.285981,10500,362
2020-03-06,13.23,13.5,13.17,13.345,12.993876,9300,363
2020-03-09,12.34,12.51,12.16,12.18,11.859527,24100,364
2020-03-10,12.75,12.93,12.256,12.93,12.589794,12000,365
2020-03-11,12.55,12.558,12.085,12.213,11.89166,12500,366
2020-03-12,11.92,11.997,10.71,10.9,10.613207,32200,367
2020-03-13,11.56,11.68,10.88,11.645,11.338604,16500,368
2020-03-16,9.59,10.87,9.59,10.25,9.980308,49400,369
2020-03-17,10.25,10.72,9.82,9.82,9.561622,61000,370
2020-03-18,9.75,10.184,9.32,9.9,9.639515,22500,371
2020-03-19,9.78,10.13,9.695,10.081,9.815755,8900,372
2020-03-20,10.21,10.47,9.81,9.82,9.561622,22200,373
2020-03-23,9.77,9.885,9.51,9.77,9.512937,21100,374
2020-03-24,10.505,10.856,10.396,10.8,10.515838,19900,375
2020-03-25,10.92,11.46,10.73,11.074,10.782627,23900,376
2020-03-26,11.21,11.62,11.2,11.562,11.257788,14200,377
2020-03-27,11.05,11.29,10.975,11.24,10.94426,26000,378
2020-03-30,10.92,11.227,10.92,11.19,10.895575,24600,379
2020-03-31,11.22,11.33,11.013,11.06,10.768995,78900,380
2020-04-01,10.707,10.867,10.5,10.52,10.243204,11800,381
2020-04-02,10.57,10.785,10.501,10.611,10.331809,4800,382
2020-04-03,10.64,10.848,10.42,10.47,10.194519,7400,383
2020-04-06,10.96,11.445,10.96,11.415,11.114656,8700,384
2020-04-07,11.8,11.9,11.5,11.58,11.275313,15700,385
2020-04-08,11.58,11.79,11.58,11.76,11.450578,6300,386
2020-04-09,11.95,12.18,11.899,11.935,11.620974,13300,387
2020-04-13,11.95,11.95,11.72,11.878,11.565475,16100,388
2020-04-14,12.11,12.34,12.11,12.33,12.00558,12300,389
2020-04-15,12.03,12.03,11.793,11.884,11.571316,11400,390
2020-04-16,12,12.009,11.893,11.944,11.629736,6200,391
2020-04-17,12.25,12.36,12.15,12.276,11.953001,13600,392
2020-04-20,12.11,12.25,12.031,12.053,11.735869,15700,393
2020-04-21,11.8,11.8,11.51,11.55,11.246103,23800,394
2020-04-22,11.76,11.95,11.76,11.94,11.62584,13000,395
2020-04-23,11.92,12.17,11.92,11.95,11.635578,10900,396
2020-04-24,12.04,12.18,11.92,12.141,11.821553,14300,397
2020-04-27,12.33,12.489,12.253,12.48,12.151631,21900,398
2020-04-28,12.68,12.739,12.447,12.447,12.119501,13000,399
2020-04-29,12.741,13,12.741,12.93,12.589794,13300,400
2020-04-30,12.93,12.93,12.64,12.693,12.35903,11200,401
2020-05-01,12.43,12.43,12.08,12.143,11.823499,17900,402
2020-05-04,12,12.218,11.98,12.218,11.896526,7900,403
2020-05-05,12.42,12.546,12.3,12.31,11.986108,9000,404
2020-05-06,12.42,12.48,12.31,12.31,11.986108,8800,405
2020-05-07,12.52,12.55,12.43,12.43,12.102949,17300,406
2020-05-08,12.64,12.838,12.64,12.805,12.468083,8500,407
2020-05-11,12.87,12.94,12.765,12.89,12.550846,27400,408
2020-05-12,13,13,12.559,12.559,12.228554,15300,409
2020-05-13,12.52,12.57,12.126,12.22,11.898474,11200,410
2020-05-14,12.09,12.393,11.89,12.366,12.040633,7100,411
2020-05-15,12.16,12.39,12.16,12.39,12.064002,6100,412
2020-05-18,12.74,13.071,12.74,13.017,12.674505,16200,413
2020-05-19,13.03,13.19,12.94,12.974,12.632636,17800,414
2020-05-20,13.205,13.34,13.205,13.28,12.930584,8400,415
2020-05-21,13.29,13.29,13.07,13.115,12.769926,24600,416
2020-05-22,13.12,13.12,13,13.083,12.738767,10700,417
2020-05-26,13.46,13.6,13.438,13.438,13.084428,27600,418
2020-05-27,13.62,13.72,13.345,13.72,13.359007,63400,419
2020-05-28,13.72,13.785,13.43,13.43,13.07664,14300,420
2020-05-29,13.47,13.57,13.33,13.515,13.159401,9400,421
2020-06-01,13.7,13.798,13.64,13.771,13.408665,11800,422
2020-06-02,13.78,13.94,13.78,13.91,13.544007,14100,423
2020-06-03,14.1,14.35,14.1,14.291,13.914985,19100,424
2020-06-04,14.26,14.451,14.22,14.333,13.955878,21100,425
2020-06-05,14.82,14.96,14.8,14.816,14.42617,31000,426
2020-06-08,15.03,15.11,14.85,15.11,14.712435,42500,427
2020-06-09,14.96,14.98,14.74,14.896,14.504065,47500,428
2020-06-10,15,15.11,14.83,14.96,14.566381,34100,429
2020-06-11,14.41,14.444,13.77,13.77,13.407693,68200,430
2020-06-12,14.25,14.335,13.84,14.12,13.748484,22100,431
2020-06-15,13.68,14.3,13.64,14.21,13.836115,27100,432
2020-06-16,14.64,14.77,14.3,14.41,14.030852,15900,433
2020-06-17,14.59,14.59,14.393,14.411,14.031826,11800,434
2020-06-18,14.34,14.5,14.339,14.409,14.029879,16500,435
2020-06-19,14.49,14.58,14.27,14.348,13.970484,15100,436
2020-06-22,14.65,14.65,14.275,14.433,14.053246,33500,437
2020-06-23,14.7,14.71,14.607,14.607,14.222671,29000,438
2020-06-24,14.61,14.61,14.1,14.21,13.836115,30500,439
2020-06-25,14.13,14.334,14.07,14.334,13.956851,10800,440
2020-06-26,14.35,14.35,14,14.032,13.662797,19500,441
2020-06-29,14.02,14.32,13.95,14.32,13.993081,21600,442
2020-06-30,14.32,14.573,14.32,14.55,14.217831,25500,443
2020-07-01,14.6,14.6,14.45,14.45,14.120114,16200,444
2020-07-02,14.74,14.9,14.73,14.762,14.424992,24100,445
2020-07-06,15.13,15.4,15.13,15.4,15.048427,53900,446
2020-07-07,15.27,15.35,15.07,15.17,14.823676,25200,447
2020-07-08,15.23,15.33,15.104,15.251,14.902829,26100,448
2020-07-09,15.31,15.34,15.043,15.223,14.875466,24000,449
2020-07-10,15.27,15.5,15.194,15.48,15.126599,26400,450
2020-07-13,15.85,15.999,15.4,15.4,15.048427,53600,451
2020-07-14,15.37,15.623,15.13,15.623,15.266335,27600,452
2020-07-15,15.88,15.92,15.662,15.92,15.556556,32100,453
2020-07-16,15.73,15.78,15.609,15.69,15.331805,22000,454
2020-07-17,15.82,15.826,15.73,15.785,15.424636,12200,455
2020-07-20,15.88,16.09,15.71,16.052,15.685543,40000,456
2020-07-21,16.25,16.25,15.94,15.94,15.576098,49400,457
2020-07-22,16.07,16.1,15.94,16.049999,15.683588,18700,458
2020-07-23,16.200001,16.200001,15.73,15.83,15.468611,23000,459
2020-07-24,15.65,15.679,15.412,15.56,15.204774,18400,460
2020-07-27,15.64,15.89,15.64,15.855,15.493038,49700,461
2020-07-28,15.76,15.87,15.65,15.65,15.29272,31000,462
2020-07-29,15.84,15.9,15.75,15.82,15.458838,24900,463
2020-07-30,15.55,15.76,15.49,15.732,15.372848,16500,464
2020-07-31,15.73,15.73,15.314,15.48,15.126599,22700,465
2020-08-03,15.7,15.92,15.7,15.89,15.527239,73700,466
2020-08-04,16,16.1,15.85,16.1,15.732446,54100,467
2020-08-05,16.030001,16.290001,16.030001,16.25,15.879022,77300,468
2020-08-06,16.209999,16.368,16.200001,16.327,15.954263,42700,469
2020-08-07,16.26,16.26,16.09,16.200001,15.830163,21900,470
2020-08-10,16.299999,16.549999,16.299999,16.523001,16.14579,43700,471
2020-08-11,16.73,16.799999,16.475,16.525,16.147739,115900,472
2020-08-12,16.809999,16.865,16.639999,16.85,16.465326,107500,473
2020-08-13,16.889999,16.889999,16.587,16.6,16.221029,68100,474
2020-08-14,16.6,16.629999,16.521,16.610001,16.230804,28200,475
2020-08-17,16.74,16.809999,16.68,16.775,16.392035,71300,476
2020-08-18,16.879999,16.879999,16.690001,16.719999,16.338291,51900,477
2020-08-19,16.77,16.799999,16.610001,16.690001,16.308977,50300,478
2020-08-20,16.5,16.629999,16.444,16.6,16.221029,31500,479
2020-08-21,16.5,16.575001,16.450001,16.549999,16.172169,28800,480
2020-08-24,16.84,16.85,16.67,16.85,16.465326,183600,481
2020-08-25,16.860001,16.999001,16.85,16.99,16.602127,48700,482
2020-08-26,17.1,17.18,17.02,17.17,16.778017,67500,483
2020-08-27,17.27,17.27,17,17.16,16.768248,84200,484
2020-08-28,17.299999,17.35,17.209999,17.33,16.934366,60800,485
2020-08-31,17.4,17.469999,17.25,17.360001,16.96368,110400,486
2020-09-01,17.459999,17.639999,17.299999,17.639999,17.237286,149100,487
2020-09-02,17.85,17.85,17.502001,17.77,17.364323,122600,488
2020-09-03,17.700001,17.700001,16.9,17.030001,16.641214,196400,489
2020-09-04,17.059999,17.257999,16.5,17.080999,16.691048,71200,490
2020-09-08,16.74,16.860001,16.530001,16.530001,16.15263,76700,491
2020-09-09,16.84,16.969999,16.75,16.860001,16.475096,69300,492
2020-09-10,17.02,17.1,16.549999,16.620001,16.240574,51400,493
2020-09-11,16.799999,16.841,16.540001,16.68,16.299206,45900,494
2020-09-14,16.959999,17.110001,16.93,17.1,16.709618,33000,495
2020-09-15,17.309999,17.360001,17.219999,17.290001,16.895277,81200,496
2020-09-16,17.459999,17.459999,17.235001,17.25,16.856194,67600,497
2020-09-17,16.959999,17.24,16.881001,17.17,16.778017,54700,498
2020-09-18,17.33,17.33,16.93,17.1,16.709618,35600,499
2020-09-21,16.74,16.74,16.299999,16.674999,16.294315,76100,500
2020-09-22,16.690001,16.719999,16.465,16.698999,16.31777,74800,501
2020-09-23,16.639999,16.65,16.129999,16.15,15.781304,60600,502
2020-09-24,16,16.33,15.85,16.120001,15.751991,80600,503
2020-09-25,16.08,16.299999,15.97,16.285999,15.914198,58100,504
2020-09-28,16.65,16.739,16.58,16.719999,16.338291,76100,505
2020-09-29,16.75,16.846001,16.67,16.75,16.367605,78900,506
2020-09-30,16.82,17.049999,16.82,16.933001,16.546429,46600,507
2020-10-01,17.120001,17.18,17.01,17.15,16.758476,63400,508
2020-10-02,16.75,17.120001,16.709999,17.01,16.62167,61300,509
2020-10-05,17.1,17.5,17.1,17.49,17.090712,246600,510
2020-10-06,17.6,17.792,17.32,17.35,16.953911,169100,511
2020-10-07,17.6,17.865,17.6,17.860001,17.452267,69700,512
2020-10-08,18,18.07,17.9,18,17.589069,88000,513
2020-10-09,18.110001,18.15,18.040001,18.093,17.679947,77400,514
2020-10-12,18.26,18.309999,18.15,18.25,17.833363,90900,515
2020-10-13,18.190001,18.190001,18.049999,18.120001,17.706333,79100,516
2020-10-14,18.18,18.309999,18.129999,18.190001,17.774734,70600,517
2020-10-15,18.01,18.190001,17.84,18.15,17.735643,82800,518
2020-10-16,18.26,18.280001,18.15,18.15,17.735643,80600,519
2020-10-19,18.200001,18.24,17.929001,17.99,17.579294,56600,520
2020-10-20,18.030001,18.261999,18.030001,18.08,17.667242,43100,521
2020-10-21,18.15,18.271,18.1,18.1,17.686787,49600,522
2020-10-22,18.139999,18.290001,18.004999,18.26,17.843134,90000,523
2020-10-23,18.290001,18.299,18.153,18.24,17.823591,52300,524
2020-10-26,18.07,18.120001,17.683001,17.889999,17.481579,66200,525
2020-10-27,17.98,17.98,17.799999,17.82,17.413179,38700,526
2020-10-28,17.59,17.59,17.200001,17.200001,16.807335,85500,527
2020-10-29,17.32,17.77,17.32,17.693001,17.289078,79600,528
2020-10-30,17.559999,17.605,17.26,17.415001,17.017426,79700,529
2020-11-02,17.700001,17.879999,17.586,17.75,17.344778,118600,530
2020-11-03,18.02,18.337999,17.99,18.280001,17.862677,109000,531
2020-11-04,18.459999,18.6,18.160999,18.43,18.009253,80600,532
2020-11-05,19.25,19.299999,18.93,19.299999,18.85939,335000,533
2020-11-06,19.26,19.370001,19.129999,19.34,18.898478,193500,534
2020-11-09,20.34,20.379999,19.77,19.780001,19.328436,255500,535
2020-11-10,19.809999,19.870001,19.5,19.73,19.279573,306000,536
2020-11-11,19.9,19.950001,19.77,19.950001,19.494551,126000,537
2020-11-12,20.02,20.309999,19.725,19.780001,19.328436,188400,538
2020-11-13,20.139999,20.25,19.995001,20.23,19.768162,168800,539
2020-11-16,20.700001,20.950001,20.461,20.83,20.35446,431900,540
2020-11-17,20.92,20.92,20.549999,20.84,20.364235,233000,541
2020-11-18,20.870001,21.059,20.76,20.77,20.295834,297400,542
2020-11-19,20.709999,20.93,20.655001,20.93,20.452181,229400,543
2020-11-20,21.049999,21.299999,20.93,20.98,20.501038,299600,544
2020-11-23,21.33,21.690001,21.33,21.639999,21.145969,520600,545
2020-11-24,22.01,22.129999,21.735001,22.129999,21.624783,768900,546
2020-11-25,21.844999,22.049999,21.690001,22.02,21.517296,475700,547
2020-11-27,22.360001,22.360001,22.030001,22.1,21.59547,320900,548
2020-11-30,22.35,22.35,21.58,21.809999,21.312088,460600,549
2020-12-01,22.24,22.26,22.049999,22.16,21.6541,320800,550
2020-12-02,21.975,22.200001,21.700001,22.190001,21.683413,351300,551
2020-12-03,22.48,22.49,22.219999,22.280001,21.77136,388800,552
2020-12-04,22.51,22.870001,22.42,22.85,22.328344,398400,553
2020-12-07,23.075001,23.120001,22.749001,22.889999,22.367432,659300,554
2020-12-08,23.110001,23.190001,22.871,23.139999,22.611725,532400,555
2020-12-09,23.35,23.41,22.6,22.809999,22.289261,612500,556
2020-12-10,22.559999,22.92,22.5,22.91,22.386978,247300,557
2020-12-11,22.85,22.85,22.4,22.559999,22.044966,385100,558
2020-12-14,22.870001,22.940001,22.68,22.68,22.16223,291200,559
2020-12-15,23.025999,23.27,22.93,23.27,22.73876,304900,560
2020-12-16,23.459999,23.459999,23.042,23.219999,22.689898,416300,561
2020-12-17,23.43,23.43,23.209999,23.389999,22.856018,284700,562
2020-12-18,23.452999,23.5,23.110001,23.290001,22.758303,374100,563
2020-12-21,23.110001,23.316999,22.844999,23.26,22.728987,360400,564
2020-12-22,23.549999,23.6,23.110001,23.4,22.865791,567000,565
2020-12-23,23.65,23.700001,23.48,23.620001,23.080769,421800,566
2020-12-24,23.700001,23.700001,23.472,23.6,23.061226,183500,567
2020-12-28,24.01,24.025,23.67,23.690001,23.14917,616900,568
2020-12-29,23.870001,23.889999,23.379999,23.559999,23.022141,421400,569
2020-12-30,23.700001,23.969999,23.684,23.969999,23.442677,409800,570
2020-12-31,24.200001,24.200001,23.837999,23.969999,23.442677,360200,571
2021-01-04,24.344999,24.5,23.799999,24.01,23.481798,1054700,572
2021-01-05,24.09,24.598,24.042,24.59,24.04904,744800,573
2021-01-06,24.73,25.34,24.67,24.91,24.361996,1265400,574
2021-01-07,25.66,26.07,25.517,25.98,25.408459,1582500,575
2021-01-08,27.01,27.049999,26.200001,26.5,25.917019,2168300,576
2021-01-11,26.219999,26.450001,26,26.309999,25.731201,1258900,577
2021-01-12,26.65,26.950001,26.469999,26.940001,26.34734,1188400,578
2021-01-13,27.139999,27.23,26.719999,26.92,26.32778,1579000,579
2021-01-14,26.965,27.188,26.92,27.08,26.484259,1095400,580
2021-01-15,26.82,27.040001,26.1,26.4,25.81922,1039500,581
2021-01-19,26.943001,27.25,26.84,27.23,26.630959,4130100,582
2021-01-20,27.68,27.729,27.32,27.559999,26.953699,2692800,583
2021-01-21,27.77,27.9,27.52,27.85,27.23732,3229600,584
2021-01-22,27.525,27.82,27.414,27.76,27.149302,2216900,585
2021-01-25,28.209999,28.25,27.26,27.799999,27.188421,2252600,586
2021-01-26,28.040001,28.1,27.610001,27.780001,27.168863,1424100,587
2021-01-27,26.945,27.389999,26.605,26.889999,26.298441,1859400,588
2021-01-28,26.51,26.98,26.5,26.700001,26.112621,1188500,589
2021-01-29,26.530001,26.59,25.700001,25.9,25.330217,1625200,590
2021-02-01,26.299999,26.639999,26.02,26.6,26.014822,1026900,591
2021-02-02,27.01,27.01,26.719999,26.959999,26.366899,1323900,592
2021-02-03,27.280001,27.309999,26.969999,27.16,26.5625,1406000,593
2021-02-04,27.219999,27.290001,27.01,27.290001,26.68964,1065200,594
2021-02-05,27.469999,27.52,27.209999,27.469999,26.865683,1241700,595
2021-02-08,27.780001,27.92,27.620001,27.92,27.30578,1366200,596
2021-02-09,27.84,28.040001,27.756001,27.99,27.374241,1200400,597
2021-02-10,28.16,28.299999,27.6,27.889999,27.276442,1166600,598
2021-02-11,27.950001,28.1,27.709999,28.08,27.462261,841400,599
2021-02-12,27.969999,28.24,27.809999,28.23,27.608961,710000,600
2021-02-16,28.91,28.91,28.18,28.34,27.716541,1519900,601
2021-02-17,28.07,28.129999,27.650999,27.959999,27.3449,1067600,602
2021-02-18,27.372999,27.58,27.15,27.4,26.79722,720600,603
2021-02-19,27.719999,28.049999,27.664,27.959999,27.3449,629700,604
2021-02-22,27.6,27.9,27.41,27.450001,26.846121,876200,605
2021-02-23,26.65,27.25,25.91,27.1,26.50382,1646100,606
2021-02-24,27.125,27.74,26.855,27.74,27.12974,658000,607
2021-02-25,27.610001,27.690001,26.4,26.559999,25.975697,791800,608
2021-02-26,26.65,26.799999,26.08,26.5,25.917019,607200,609
2021-03-01,27.129999,27.450001,26.945,27.450001,26.846121,680600,610
2021-03-02,27.370001,27.4,27.02,27.02,26.425579,560700,611
2021-03-03,27.120001,27.24,26.57,26.610001,26.024597,792200,612
2021-03-04,26.299999,26.610001,25.25,25.639999,25.075939,1314500,613
2021-03-05,26.040001,26.17,24.9,26.129999,25.555159,1057300,614
2021-03-08,26,26.34,25.700001,25.76,25.1933,656500,615
2021-03-09,26.209999,26.68,26.01,26.52,25.936579,600100,616
2021-03-10,26.809999,26.940001,26.459999,26.620001,26.03438,501300,617
2021-03-11,27.02,27.360001,26.879999,27.360001,26.758102,1053700,618
2021-03-12,26.98,27.355,26.879999,27.32,26.718981,486100,619
2021-03-15,27.339001,27.5,27.15,27.49,26.885241,484900,620
2021-03-16,27.549999,27.674999,27.25,27.4,26.79722,714000,621
2021-03-17,27,27.82,26.9,27.77,27.159081,431600,622
2021-03-18,27.549999,27.67,26.940001,27,26.406021,771200,623
2021-03-19,27,27.16,26.65,27.040001,26.445141,498000,624
2021-03-22,27.139999,27.200001,26.834999,27.059999,26.464699,325600,625
2021-03-23,27.01,27.01,26.040001,26.18,25.604059,415600,626
2021-03-24,26.299999,26.299999,25.549999,25.559999,24.997698,460800,627
2021-03-25,25.24,25.879999,25.135,25.75,25.183519,374400,628
2021-03-26,25.959999,26.32,25.709,26.32,25.740978,247800,629
2021-03-29,26.209999,26.290001,25.799999,25.940001,25.369339,272900,630
2021-03-30,25.700001,26.32,25.700001,26.309999,25.731201,673400,631
2021-03-31,26.440001,26.665001,26.379999,26.540001,25.956142,271300,632
2021-04-01,26.841999,27,26.76,27,26.406021,377900,633
2021-04-05,27.41,27.57,27.25,27.530001,26.924362,674400,634
2021-04-06,27.559999,27.559999,27.299999,27.370001,26.767883,464200,635
2021-04-07,27.4,27.41,27.09,27.190001,26.591841,411900,636
2021-04-08,27.280001,27.360001,27.055,27.32,26.718981,460600,637
2021-04-09,27.237,27.389999,27.190001,27.379999,26.77766,341100,638
2021-04-12,27.438999,27.440001,27.112,27.23,26.630959,308900,639
2021-04-13,27.290001,27.349001,27.049999,27.299999,26.699421,324800,640
2021-04-14,27.43,27.635,27.299999,27.379999,26.77766,320200,641
2021-04-15,27.559999,27.629999,27.41,27.59,26.98304,274800,642
2021-04-16,27.67,27.780001,27.59,27.75,27.139521,234600,643
2021-04-19,27.59,27.790001,27.33,27.48,26.875462,363200,644
2021-04-20,27.33,27.35,26.750999,26.940001,26.34734,370200,645
2021-04-21,26.700001,27.35,26.66,27.35,26.74832,378500,646
2021-04-22,27.42,27.459999,26.940001,27.09,26.49404,309200,647
2021-04-23,27.120001,27.690001,27.120001,27.6,26.992823,335200,648
2021-04-26,27.610001,27.93,27.6,27.879999,27.266661,408000,649
2021-04-27,27.9,27.9,27.66,27.799999,27.188421,207600,650
2021-04-28,27.799999,27.799999,27.659,27.68,27.07106,359500,651
2021-04-29,27.83,27.85,27.139999,27.42,26.816784,307200,652
2021-04-30,27.200001,27.280001,26.83,26.950001,26.357122,470500,653
2021-05-03,27.1,27.169001,26.870001,26.92,26.32778,279500,654
2021-05-04,26.6,26.67,26.200001,26.459999,25.877897,410700,655
2021-05-05,26.790001,26.950001,26.593,26.809999,26.2202,214300,656
2021-05-06,26.690001,26.855,26.459999,26.85,26.259319,258500,657
2021-05-07,26.950001,27.24,26.862,27.24,26.640738,243400,658
2021-05-10,27.283001,27.283001,26.6,26.6,26.014822,300200,659
2021-05-11,25.780001,26.475,25.6,26.389999,25.809439,638200,660
2021-05-12,26.09,26.26,25.5,25.549999,24.987917,582400,661
2021-05-13,25.76,26.09,25.51,25.84,25.27154,338600,662
2021-05-14,26.1,26.42,25.978001,26.389999,25.809439,235300,663
2021-05-17,26.25,26.389999,26.040001,26.34,25.76054,164000,664
2021-05-18,26.49,26.629999,26.299999,26.299999,25.721418,329000,665
2021-05-19,25.82,26.18,25.65,26.09,25.516041,176500,666
2021-05-20,26.280001,26.530001,26.26,26.51,25.926798,152200,667
2021-05-21,26.719999,26.775,26.535,26.620001,26.03438,170300,668
2021-05-24,26.75,27.049999,26.67,26.959999,26.366899,211000,669
2021-05-25,27.02,27.18,26.77,26.799999,26.210421,191700,670
2021-05-26,26.860001,27.17,26.860001,27.120001,26.523382,138400,671
2021-05-27,27.27,27.596001,27.27,27.540001,26.934141,214900,672
2021-05-28,27.700001,27.775,27.615,27.67,27.061279,215400,673
2021-06-01,27.99,28.120001,27.9,28.059999,27.442699,312100,674
2021-06-02,28.09,28.26,28.09,28.23,27.608961,319700,675
2021-06-03,28.07,28.35,27.93,28.17,27.55028,199500,676
2021-06-04,28.370001,28.59,28.370001,28.5,27.87302,433500,677
2021-06-07,28.5,28.549999,28.360001,28.52,27.892582,349700,678
2021-06-08,28.57,28.665001,28.34,28.58,27.95126,591200,679
2021-06-09,28.58,28.59,28.309999,28.34,27.716541,236000,680
2021-06-10,28.4,28.535,28.200001,28.209999,27.589399,325800,681
2021-06-11,28.32,28.469999,28.25,28.459999,27.8339,423900,682
2021-06-14,28.459999,28.459999,28.25,28.379999,27.755659,383900,683
2021-06-15,28.27,28.32,28.051001,28.200001,27.57962,213400,684
2021-06-16,28.09,28.129999,27.690001,27.92,27.30578,301800,685
2021-06-17,27.85,27.98,27.5,27.77,27.159081,233900,686
2021-06-18,27.4,27.485001,27.139999,27.23,26.630959,290000,687
2021-06-21,27.299999,27.549999,27.25,27.540001,26.934141,195000,688
2021-06-22,27.6,27.775,27.389999,27.709999,27.100401,165000,689
2021-06-23,27.82,28.030001,27.799999,27.860001,27.247101,389400,690
2021-06-24,28.110001,28.25,28.1,28.209999,27.589399,1025600,691
2021-06-25,28.290001,28.32,28.110001,28.110001,27.4916,218500,692
2021-06-28,28.209999,28.280001,28.120001,28.280001,27.657862,214700,693
2021-06-29,28.25,28.33,28.165001,28.280001,27.713718,155900,694
2021-06-30,28.17,28.33,28.129999,28.309999,27.743116,220000,695
2021-07-01,28.309999,28.42,28.18,28.33,27.762718,197400,696
2021-07-02,28.4,28.43,28.26,28.41,27.841116,203400,697
2021-07-06,28.379999,28.43,27.870001,28.1,27.537323,355900,698
2021-07-07,28.190001,28.190001,27.66,27.83,27.272732,307400,699
2021-07-08,27.26,27.610001,27.1,27.49,26.939537,256500,700
2021-07-09,27.74,28.1,27.690001,28.07,27.507923,179400,701
2021-07-12,28.1,28.33,28.08,28.33,27.762718,183100,702
2021-07-13,28.280001,28.41,28.055,28.09,27.527523,256500,703
2021-07-14,28.23,28.33,27.879999,27.969999,27.409924,155900,704
2021-07-15,27.809999,27.889999,27.459999,27.66,27.106133,204000,705
2021-07-16,27.74,27.809999,27.15,27.18,26.635746,175000,706
2021-07-19,26.68,26.82,26.360001,26.719999,26.184956,468100,707
2021-07-20,26.719999,27.360001,26.6,27.27,26.723944,440100,708
2021-07-21,27.42,27.85,27.42,27.84,27.282532,445500,709
2021-07-22,27.895,27.940001,27.6,27.719999,27.164932,485700,710
2021-07-23,27.9,27.91,27.68,27.889999,27.331528,278700,711
2021-07-26,27.879999,28.07,27.834999,28.030001,27.468725,184900,712
2021-07-27,27.9,27.91,27.299999,27.629999,27.076735,199200,713
2021-07-28,27.82,28.16,27.799999,28.09,27.527523,195800,714
2021-07-29,28.280001,28.700001,28.280001,28.65,28.076309,364300,715
2021-07-30,28.450001,28.719999,28.42,28.57,27.997911,155500,716
2021-08-02,28.84,29.059999,28.621,28.629999,28.056709,454600,717
2021-08-03,28.75,28.799999,28.440001,28.77,28.193909,461300,718
2021-08-04,28.77,28.860001,28.57,28.57,27.997911,871300,719
2021-08-05,28.67,28.993,28.610001,28.889999,28.311502,508500,720
2021-08-06,28.950001,29.09,28.879999,28.889999,28.311502,945000,721
2021-08-09,28.950001,29.08,28.73,28.969999,28.389902,629900,722
2021-08-10,29.110001,29.18,29.01,29.07,28.4879,1353100,723
2021-08-11,29.290001,29.34,28.92,29.139999,28.556498,823000,724
2021-08-12,29.209999,29.209999,28.889999,29.15,28.566298,1041900,725
2021-08-13,29.01,29.110001,28.885,28.9,28.321304,299900,726
2021-08-16,28.67,28.67,28.333,28.549999,27.978312,363400,727
2021-08-17,28.1,28.120001,27.57,27.870001,27.31193,384200,728
2021-08-18,27.92,28.16,27.799999,27.84,27.282532,844800,729
2021-08-19,27.440001,27.48,27.156,27.27,26.723944,500500,730
2021-08-20,27.190001,27.370001,27.07,27.370001,26.821943,341900,731
2021-08-23,27.625,28.030001,27.625,28,27.439327,241200,732
2021-08-24,28.23,28.405001,28.09,28.309999,27.743116,649500,733
2021-08-25,28.370001,28.549999,28.33,28.43,27.860714,225400,734
2021-08-26,28.33,28.450001,28.049999,28.07,27.507923,299100,735
2021-08-27,28.26,28.639999,28.15,28.57,27.997911,154800,736
2021-08-30,28.700001,28.848,28.65,28.709999,28.135107,265000,737
2021-08-31,28.85,28.860001,28.565001,28.74,28.164507,208000,738
2021-09-01,28.82,28.98,28.67,28.879999,28.301702,270000,739
2021-09-02,29,29.040001,28.790001,28.84,28.262505,255500,740
2021-09-03,28.82,28.969999,28.73,28.85,28.272306,160800,741
2021-09-07,28.85,28.98,28.780001,28.83,28.252705,437100,742
2021-09-08,28.799999,28.799999,28.209999,28.35,27.782318,180700,743
2021-09-09,28.32,28.608999,28.25,28.370001,27.801918,167900,744
2021-09-10,28.450001,28.75,28.209999,28.24,27.67452,179900,745
2021-09-13,28.469999,28.58,28.1,28.4,27.831316,218900,746
2021-09-14,28.559999,28.629999,28.26,28.34,27.772516,220800,747
2021-09-15,28.35,28.68,28.309999,28.68,28.105709,221100,748
2021-09-16,28.459999,28.469999,28.153,28.35,27.782318,181300,749
2021-09-17,28.33,28.337999,27.959999,28.09,27.527523,195200,750
2021-09-20,27.299999,27.360001,26.83,27.190001,26.645544,447100,751
2021-09-21,27.51,27.573,27.131001,27.299999,26.753342,173200,752
2021-09-22,27.540001,27.98,27.52,27.85,27.292328,186800,753
2021-09-23,28.059999,28.43,28,28.370001,27.801918,247000,754
2021-09-24,28.16,28.299999,28.030001,28.209999,27.645121,215100,755
2021-09-27,28.139999,28.42,28.030001,28.360001,27.79212,1267700,756
2021-09-28,27.950001,28.172001,27.620001,27.719999,27.164932,242500,757
2021-09-29,27.799999,27.860001,27.459999,27.540001,26.988537,214300,758
2021-09-30,27.59,27.738001,27.299999,27.42,26.870939,820800,759
2021-10-01,27.35,27.540001,27.049999,27.43,26.880741,1413200,760
2021-10-04,27.309999,27.41,26.882999,26.950001,26.410351,338000,761
2021-10-05,27.120001,27.389999,27,27.25,26.704344,256300,762
2021-10-06,26.879999,27.08,26.667999,27.08,26.537746,183300,763
2021-10-07,27.530001,27.889999,27.488001,27.700001,27.145332,179000,764
2021-10-08,27.809999,27.889999,27.639999,27.719999,27.164932,167500,765
2021-10-11,27.77,28.114,27.719999,27.74,27.184532,246000,766
2021-10-12,27.799999,27.92,27.73,27.780001,27.223732,264800,767
2021-10-13,27.969999,28.17,27.83,28.110001,27.547123,208100,768
2021-10-14,28.43,28.65,28.33,28.59,28.017511,215700,769
2021-10-15,28.77,28.99,28.76,28.83,28.252705,280100,770
2021-10-18,28.65,28.99,28.65,28.959999,28.3801,182100,771
2021-10-19,29.09,29.190001,28.969999,29.110001,28.527098,362600,772
2021-10-20,29.07,29.27,28.959999,29.18,28.595697,661700,773
2021-10-21,29.059999,29.32,29.059999,29.280001,28.693697,200700,774
2021-10-22,29.280001,29.280001,28.85,28.950001,28.370302,458600,775
2021-10-25,29.17,29.597,29.15,29.540001,28.94849,389900,776
2021-10-26,29.74,29.879999,29.360001,29.469999,28.87989,414900,777
2021-10-27,29.459999,29.59,29.299999,29.299999,28.713293,334000,778
2021-10-28,29.450001,29.940001,29.450001,29.93,29.330679,447600,779
2021-10-29,29.780001,30.09,29.76,30.09,29.487476,440900,780
2021-11-01,30.299999,30.790001,30.209999,30.790001,30.173458,609600,781
2021-11-02,30.799999,30.879999,30.65,30.860001,30.242058,399000,782
2021-11-03,30.84,31.26,30.719999,31.25,30.624249,460300,783
2021-11-04,31.549999,31.75,31.41,31.67,31.035837,782600,784
2021-11-05,31.85,31.915001,31.549999,31.780001,31.143635,536600,785
2021-11-08,31.91,32.220001,31.77,32.110001,31.467024,1010200,786
2021-11-09,32.314999,32.32,31.530001,31.700001,31.065237,705300,787
2021-11-10,31.32,31.639999,30.879999,31.07,30.447853,957400,788
2021-11-11,31.57,31.639999,31.245001,31.59,30.957441,669600,789
2021-11-12,31.632999,31.889999,31.610001,31.879999,31.241631,785400,790
2021-11-15,31.985001,31.99,31.469999,31.620001,30.986839,905400,791
2021-11-16,31.690001,31.945,31.605,31.93,31.29063,688100,792
2021-11-17,32.050999,32.060001,31.629999,31.73,31.094633,1122100,793
2021-11-18,32.049999,32.055,31.469999,31.709999,31.075037,1172000,794
2021-11-19,31.66,31.889,31.620001,31.75,31.114237,631200,795
2021-11-22,32.110001,32.369999,31.700001,31.76,31.124037,815700,796
2021-11-23,31.766001,31.969999,31.219999,31.629999,30.996637,596700,797
2021-11-24,31.27,31.610001,31.02,31.610001,30.977039,612800,798
2021-11-26,30.77,30.799999,30.219999,30.6,29.987263,648600,799
2021-11-29,30.950001,31.030001,30.465,30.91,30.291056,897500,800
2021-11-30,30.74,30.969999,30.09,30.49,29.879465,784100,801
2021-12-01,31.18,31.389999,30.1,30.120001,29.516874,945600,802
2021-12-02,30.120001,30.535,29.959999,30.42,29.810867,780400,803
2021-12-03,30.530001,30.540001,29.440001,29.719999,29.124884,753600,804
2021-12-06,29.57,30.15,29.190001,29.98,29.379677,876300,805
2021-12-07,30.67,31.059999,30.6,30.91,30.291056,630900,806
2021-12-08,31.02,31.059,30.639999,30.969999,30.349855,1418000,807
2021-12-09,30.84,30.940001,30.35,30.370001,29.761871,639000,808
2021-12-10,30.629999,30.74,30.295,30.59,29.977463,335600,809
2021-12-13,30.57,30.58,29.854,29.93,29.330679,421900,810
2021-12-14,29.540001,29.879999,29.370001,29.639999,29.046486,354700,811
2021-12-15,29.610001,30.200001,29.15,30.17,29.565874,310500,812
2021-12-16,30.57,30.6,29.41,29.549999,28.958286,1012300,813
2021-12-17,29.26,29.700001,29.02,29.34,28.752495,480500,814
2021-12-20,28.780001,28.860001,28.309999,28.629999,28.056709,794100,815
2021-12-21,29,29.459999,28.860001,29.42,28.830891,384700,816
2021-12-22,29.48,29.879999,29.416,29.83,29.232683,271300,817
2021-12-23,29.9,30.389999,29.860001,30.309999,29.70307,266200,818
2021-12-27,30.41,30.799999,30.34,30.780001,30.16366,300400,819
2021-12-28,30.74,30.84,30.530001,30.59,29.977463,713800,820
2021-12-29,30.639999,30.700001,30.379999,30.610001,29.997065,199100,821
2021-12-30,30.620001,30.870001,30.540001,30.57,29.999025,284200,822
2021-12-31,30.504999,30.742001,30.504999,30.530001,29.959774,160400,823
2022-01-03,30.889999,31.24,30.799999,31.209999,30.627069,1129000,824
2022-01-04,31.530001,31.67,31.08,31.549999,30.96072,831900,825
2022-01-05,31.52,31.709999,30.66,30.82,30.244356,827900,826
2022-01-06,30.75,30.950001,30.299999,30.75,30.175665,453500,827
2022-01-07,30.83,31.07,30.358,30.57,29.999025,605800,828
2022-01-10,30.08,30.42,29.709999,30.42,29.851828,467200,829
2022-01-11,30.440001,30.959999,30.261,30.9,30.322863,1471600,830
2022-01-12,31.290001,31.43,30.91,31.200001,30.61726,631600,831
2022-01-13,31.469999,31.690001,30.860001,30.969999,30.391554,402600,832
2022-01-14,30.75,31.1,30.639,31.09,30.509314,322300,833
2022-01-18,30.68,30.789,30.25,30.32,29.753695,567400,834
2022-01-19,30.5,30.52,29.559999,29.610001,29.056957,613100,835
2022-01-20,29.709999,30.09,28.98,29.08,28.536856,1175700,836
2022-01-21,28.790001,29.129,28.309999,28.33,27.800863,620700,837
2022-01-24,27.385,28.200001,26.629999,28.200001,27.67329,1018600,838
2022-01-25,27.66,27.98,27.200001,27.559999,27.045244,1748200,839
2022-01-26,28.200001,28.5,27.309999,27.6,27.084497,519100,840
2022-01-27,27.860001,27.9,26.75,26.809999,26.309254,466400,841
2022-01-28,26.780001,27.110001,26.289,27.1,26.593836,468300,842
2022-01-31,27.25,28.268999,27.190001,28.24,27.712543,469400,843
2022-02-01,28.450001,28.65,27.959999,28.65,28.114885,358200,844
2022-02-02,28.884001,28.969999,28.334999,28.639999,28.105072,321200,845
2022-02-03,27.93,28.400999,27.695,27.74,27.221884,472400,846
2022-02-04,27.59,28.049999,27.35,28,27.477026,315600,847
2022-02-07,27.98,28.120001,27.684999,27.780001,27.261137,292500,848
2022-02-08,27.780001,28.370001,27.662001,28.299999,27.771421,601900,849
2022-02-09,28.85,29.209999,28.75,29.190001,28.644802,715300,850
2022-02-10,28.629999,29.42,28.5,28.639999,28.105072,355200,851
2022-02-11,28.629999,28.719999,27.620001,27.709999,27.192442,257800,852
2022-02-14,27.690001,27.98,27.371,27.67,27.153191,221200,853
2022-02-15,28.25,28.950001,28.171,28.9,28.360218,347900,854
2022-02-16,28.799999,29.145,28.629999,29.040001,28.497604,208700,855
2022-02-17,28.629999,28.77,28.190001,28.27,27.741983,839700,856
2022-02-18,28.26,28.280001,27.620001,27.799999,27.28076,417800,857
2022-02-22,27.309999,27.73,26.790001,27.1,26.593836,497500,858
2022-02-23,27.450001,27.559999,26.530001,26.58,26.083549,356500,859
2022-02-24,25.16,26.9,25.110001,26.9,26.397573,639100,860
2022-02-25,27.1,27.5,26.73,27.459999,26.947111,420100,861
2022-02-28,27.059999,27.719999,27.01,27.43,26.917673,288000,862
2022-03-01,27.209999,27.34,26.434,26.68,26.181681,602500,863
2022-03-02,26.83,27.101999,26.530001,27.030001,26.525145,429100,864
2022-03-03,27.1,27.1,26.32,26.57,26.073736,459400,865
2022-03-04,26.01,26.200001,25.330999,25.540001,25.062975,370000,866
2022-03-07,25.360001,25.468,24.27,24.299999,23.846134,1491600,867
2022-03-08,24.42,25.379999,24.040001,24.65,24.189598,436400,868
2022-03-09,25.530001,25.780001,25.25,25.700001,25.219986,348800,869
2022-03-10,25.280001,25.5,25.01,25.43,24.955027,265700,870
2022-03-11,25.65,25.66,24.745001,24.809999,24.346607,258700,871
2022-03-14,24.700001,24.735001,23.91,23.969999,23.522297,398400,872
2022-03-15,24.07,24.58,23.83,24.58,24.120905,1450700,873
2022-03-16,25.15,26.059999,25.139999,26.059999,25.573261,365300,874
2022-03-17,25.709999,26.280001,25.639999,26.25,25.759712,524800,875
2022-03-18,26.07,26.860001,26.07,26.84,26.338694,232900,876
2022-03-21,26.780001,26.889999,26.382,26.65,26.152241,218600,877
2022-03-22,26.790001,27.290001,26.790001,27.120001,26.613464,271300,878
2022-03-23,26.950001,27.42,26.855,26.93,26.427011,271300,879
2022-03-24,27.15,27.530001,26.940001,27.530001,27.015806,269000,880
2022-03-25,27.43,27.440001,27,27.360001,26.84898,236400,881
2022-03-28,27.370001,27.429001,26.969999,27.42,26.907862,264000,882
2022-03-29,27.83,28.43,27.83,28.360001,27.830305,485300,883
2022-03-30,28.27,28.459999,27.85,28.120001,27.594786,405700,884
2022-03-31,28,28,27.545,27.559999,27.045244,187200,885
2022-04-01,27.780001,27.976,27.26,27.559999,27.045244,147800,886
2022-04-04,27.700001,28.299999,26.9,28.299999,27.771421,219200,887
2022-04-05,28.1,28.1,27.120001,27.190001,26.682156,230300,888
2022-04-06,26.690001,26.700001,26.15,26.309999,25.81859,899600,889
2022-04-07,26.23,26.43,25.610001,26.18,25.691021,448100,890
2022-04-08,26,26.049999,25.656,25.73,25.249424,217200,891
2022-04-11,25.299999,25.68,25.190001,25.379999,24.905962,222100,892
2022-04-12,25.540001,25.85,25.07,25.190001,24.719513,216500,893
2022-04-13,25.299999,25.806,25.190001,25.77,25.288679,226200,894
2022-04-14,25.77,25.889999,25.360001,25.370001,24.896151,221400,895
2022-04-18,25.34,25.5,25.110001,25.309999,24.837269,173300,896
2022-04-19,25.35,25.98,25.309999,25.98,25.494755,384500,897
2022-04-20,26.1,26.247999,25.712,25.82,25.337744,237800,898
2022-04-21,26.24,26.34,25,25.139999,24.670444,261500,899
2022-04-22,25.02,25.16,24.421,24.459999,24.003143,223200,900
2022-04-25,24.139999,24.57,24,24.57,24.11109,604000,901
2022-04-26,24.34,24.5,23.58,23.639999,23.19846,310200,902
2022-04-27,23.690001,24.139999,23.59,23.76,23.316219,274600,903
2022-04-28,24.16,24.620001,23.629999,24.5,24.0424,503200,904
2022-04-29,24.389999,25.030001,24.000999,24.129999,23.679308,289800,905
2022-05-02,23.969999,24.42,23.75,24.41,23.954081,242700,906
2022-05-03,24.5,24.84,24.309999,24.709999,24.248476,203900,907
2022-05-04,24.879,25.68,24.469999,25.639999,25.161104,216700,908
2022-05-05,25.389999,25.389999,24.110001,24.440001,23.983521,194200,909
2022-05-06,24.280001,24.427,23.700001,24.01,23.56155,219100,910
2022-05-09,23.4,23.59,22.631001,22.700001,22.276018,559300,911
2022-05-10,23.25,23.309,22.4,22.76,22.334898,391500,912
2022-05-11,22.780001,23.200001,22.09,22.15,21.73629,292900,913
2022-05-12,21.9,22.58,21.559999,22.200001,21.785357,371400,914
2022-05-13,22.68,23.440001,22.68,23.200001,22.76668,166800,915
2022-05-16,23.09,23.33,22.92,22.98,22.550789,160100,916
2022-05-17,23.58,23.99,23.41,23.91,23.463417,195900,917
2022-05-18,23.67,23.99,23.059999,23.15,22.717613,286100,918
2022-05-19,22.969999,23.68,22.969999,23.389999,22.953131,200300,919
2022-05-20,23.75,23.91,22.621,23.200001,22.76668,472000,920
2022-05-23,23.450001,23.615,23.089001,23.6,23.15921,190900,921
2022-05-24,23.200001,23.27,22.77,23.08,22.64892,198200,922
2022-05-25,22.969999,23.43,22.82,23.15,22.717613,160100,923
2022-05-26,23.35,24.360001,23.27,24.280001,23.826506,353900,924
2022-05-27,24.459999,25.09,24.4,25.040001,24.572313,157400,925
2022-05-31,25.02,25.209999,24.649,25.02,24.552687,144200,926
2022-06-01,25.030001,25.040001,24.198,24.41,23.954081,120200,927
2022-06-02,24.42,25.34,24.41,25.33,24.856894,117800,928
2022-06-03,24.85,24.915001,24.469999,24.6,24.14053,106100,929
2022-06-06,25.02,25.16,24.68,24.84,24.376049,178300,930
2022-06-07,24.57,25.040001,24.48,24.959999,24.493805,221100,931
2022-06-08,24.98,25.09,24.620001,24.709999,24.248476,119300,932
2022-06-09,24.5,24.709999,24,24.09,23.640057,115300,933
2022-06-10,23.65,23.795,23.25,23.299999,22.864811,222600,934
2022-06-13,22.43,22.584999,21.85,21.98,21.569466,312000,935
2022-06-14,22.120001,22.27,21.84,22.08,21.667599,256600,936
2022-06-15,22.4,22.83,22.1,22.6,22.177885,288000,937
2022-06-16,21.870001,21.99,21.190001,21.48,21.078802,195300,938
2022-06-17,21.52,21.879999,21.327,21.67,21.265257,152900,939
2022-06-21,22.209999,22.58,22.16,22.309999,21.893301,169700,940
2022-06-22,21.9,22.469,21.85,22.190001,21.775543,136200,941
2022-06-23,22.23,22.290001,21.700001,22.200001,21.785357,119800,942
2022-06-24,22.42,22.83,22.299999,22.83,22.403589,106100,943
2022-06-27,23.09,23.110001,22.729,22.83,22.403589,129500,944
2022-06-28,23,23.290001,22.41,22.42,22.001249,62400,945
2022-06-29,22.129999,22.236,21.525999,21.709999,21.407633,181400,946
2022-06-30,21.34,21.684999,21.01,21.469999,21.170975,137700,947
2022-07-01,21.32,21.582001,21.059999,21.389999,21.092089,123400,948
2022-07-05,20.91,21.34,20.559999,21.34,21.042786,142400,949
2022-07-06,21.34,21.35,20.9,21.17,20.875154,164200,950
2022-07-07,21.450001,22.129999,21.43,22.049999,21.742895,337400,951
2022-07-08,22.02,22.389999,21.861,22.209999,21.900669,187000,952
2022-07-11,21.84,21.93,21.450001,21.48,21.180834,215900,953
2022-07-12,21.42,21.700001,21.280001,21.49,21.190697,187600,954
2022-07-13,21.18,21.690001,21.040001,21.540001,21.240002,95100,955
2022-07-14,21.24,21.469999,20.959999,21.469999,21.170975,108500,956
2022-07-15,21.709999,21.84,21.360001,21.84,21.535822,186300,957
2022-07-18,22.17,22.4,21.82,21.889999,21.585125,121700,958
2022-07-19,22.209999,22.75,22.209999,22.639999,22.324678,82600,959
2022-07-20,22.719999,23.040001,22.639999,22.959999,22.640223,176800,960
2022-07-21,23.02,23.34,22.84,23.299999,22.975487,155100,961
2022-07-22,23.360001,23.4,22.671,22.76,22.443008,146400,962
2022-07-25,22.9,22.91,22.705,22.860001,22.541615,92100,963
2022-07-26,22.719999,22.82,22.429001,22.48,22.166908,70800,964
2022-07-27,22.75,23.34,22.700001,23.25,22.926184,83900,965
2022-07-28,23.459999,23.790001,23.25,23.75,23.41922,88900,966
2022-07-29,23.669001,24.15,23.52,24.08,23.744623,176700,967
2022-08-01,24.040001,24.370001,23.879999,24.17,23.83337,119700,968
2022-08-02,23.959999,24.530001,23.91,24.219999,23.882673,114400,969
2022-08-03,24.4,24.780001,24.280001,24.709999,24.365849,142200,970
2022-08-04,24.59,24.860001,24.566999,24.719999,24.37571,226200,971
2022-08-05,24.42,24.83,24.4,24.610001,24.267244,125600,972
2022-08-08,24.85,25.190001,24.700001,24.82,24.474316,163100,973
2022-08-09,24.620001,24.65,24.159,24.24,23.902395,115300,974
2022-08-10,24.879999,25.299999,24.764,25.200001,24.849026,310400,975
2022-08-11,25.5,25.860001,25.360001,25.4,25.046238,344400,976
2022-08-12,25.52,26.077,25.4,26.040001,25.677326,121000,977
2022-08-15,26,26.190001,25.75,26.110001,25.746351,426000,978
2022-08-16,25.959999,26.1,25.66,25.91,25.549135,207000,979
2022-08-17,25.48,25.549999,25.07,25.280001,24.927912,154400,980
2022-08-18,25.25,25.41,25.15,25.360001,25.006798,192400,981
2022-08-19,25.040001,25.040001,24.559999,24.620001,24.277103,136600,982
2022-08-22,24.15,24.16,23.790001,23.870001,23.53755,457400,983
2022-08-23,23.98,24.360001,23.93,24.07,23.734764,179100,984
2022-08-24,24.08,24.545,24.049999,24.41,24.070028,82900,985
2022-08-25,24.66,25.01,24.59,25.01,24.661673,98800,986
2022-08-26,25.1,25.120001,24.07,24.110001,23.774206,164100,987
2022-08-29,23.889999,24.27,23.85,24.040001,23.705183,716400,988
2022-08-30,24.25,24.280001,23.450001,23.66,23.330473,122800,989
2022-08-31,23.799999,23.823,23.459999,23.530001,23.202286,74000,990
2022-09-01,23.190001,23.190001,22.65,23.02,22.699389,164000,991
2022-09-02,23.309999,23.379999,22.67,22.77,22.452869,135500,992
2022-09-06,22.870001,22.93,22.48,22.549999,22.235933,95600,993
2022-09-07,22.57,23.17,22.57,23.120001,22.797997,149700,994
2022-09-08,22.940001,23.43,22.860001,23.35,23.024792,163700,995
2022-09-09,23.74,24.1,23.74,24.059999,23.724901,77200,996
2022-09-12,24.32,24.415001,24.131001,24.370001,24.030586,104300,997
2022-09-13,23.530001,23.819,23.27,23.35,23.024792,176000,998
2022-09-14,23.440001,23.620001,23.15,23.5,23.172703,222600,999
2022-09-15,23.360001,23.780001,23.16,23.27,22.945906,204000,1000
2022-09-16,22.889999,23.110001,22.73,23,22.679665,420000,1001
2022-09-19,22.709999,23.389999,22.67,23.389999,23.064234,152600,1002
2022-09-20,23.120001,23.209999,22.77,22.879999,22.561337,104700,1003
2022-09-21,22.91,23.24,22.469999,22.469999,22.157047,103500,1004
2022-09-22,22.42,22.51,21.77,21.940001,21.63443,230400,1005
2022-09-23,21.4,21.4,20.804001,21.1,20.806129,223400,1006
2022-09-26,20.969999,21.4,20.77,20.84,20.549749,136400,1007
2022-09-27,21.219999,21.42,20.771999,20.940001,20.648357,98500,1008
2022-09-28,20.82,21.49,20.790001,21.360001,21.062508,94900,1009
2022-09-29,20.91,20.99,20.17,20.48,20.194763,666800,1010
2022-09-30,20.27,20.73,20.120001,20.120001,19.839779,102800,1011
2022-10-03,20.360001,20.879999,20.15,20.75,20.461002,92300,1012
2022-10-04,21.33,21.77,21.290001,21.74,21.437216,75200,1013
2022-10-05,21.309999,21.549999,20.940001,21.43,21.131533,303500,1014
2022-10-06,21.41,21.709999,21.209999,21.23,20.934319,118900,1015
2022-10-07,20.950001,20.950001,20.415001,20.51,20.224346,100000,1016
2022-10-10,20.49,20.51,19.976,20.16,19.879219,97600,1017
2022-10-11,20.01,20.232,19.700001,19.870001,19.59326,127100,1018
2022-10-12,19.85,19.959999,19.610001,19.700001,19.425627,279700,1019
2022-10-13,19.059999,20.198,18.91,20.120001,19.839779,107500,1020
2022-10-14,20.23,20.23,19.370001,19.389999,19.119944,97500,1021
2022-10-17,19.9,20.190001,19.9,20.1,19.820055,148600,1022
2022-10-18,20.639999,20.75,20.040001,20.280001,19.997549,247800,1023
2022-10-19,20.09,20.316,20,20.18,19.898943,87500,1024
2022-10-20,20.17,20.549999,19.969999,20.07,19.790474,122900,1025
2022-10-21,20.030001,20.799,19.91,20.77,20.480724,114600,1026
2022-10-24,20.68,20.726999,20.235001,20.65,20.362396,127700,1027
2022-10-25,20.780001,21.41,20.690001,21.360001,21.062508,104200,1028
2022-10-26,21.120001,21.610001,21.028999,21.26,20.9639,90100,1029
2022-10-27,21.299999,21.5,21.01,21.030001,20.737104,89200,1030
2022-10-28,21.030001,21.407,20.82,21.370001,21.072369,135300,1031
2022-10-31,21.280001,21.370001,21.084999,21.299999,21.003342,135200,1032
2022-11-01,21.75,21.903999,21.378,21.41,21.111809,127500,1033
2022-11-02,21.389999,21.66,20.709999,20.77,20.480724,77900,1034
2022-11-03,20.42,20.860001,20.35,20.629999,20.342672,82200,1035
2022-11-04,21.32,21.59,21.047001,21.41,21.111809,63100,1036
2022-11-07,21.66,21.77,21.389999,21.559999,21.259722,89000,1037
2022-11-08,21.76,22.052,21.559999,21.790001,21.486519,74700,1038
2022-11-09,21.52,21.57,21.02,21.07,20.776545,150300,1039
2022-11-10,22.01,22.74,21.959999,22.67,22.354261,113100,1040
2022-11-11,22.92,23.434,22.799999,23.389999,23.064234,105700,1041
2022-11-14,23.1,23.379999,22.940001,23.059999,22.738831,81800,1042
2022-11-15,23.41,23.52,23,23.190001,22.86702,138800,1043
2022-11-16,22.940001,23.066,22.530001,22.620001,22.30496,124700,1044
2022-11-17,22.25,22.489,22.059999,22.389999,22.078159,79500,1045
2022-11-18,22.719999,22.719999,22.33,22.48,22.166908,53400,1046
2022-11-21,22.33,22.35,22.08,22.190001,21.880947,81700,1047
2022-11-22,22.379999,22.540001,22.190001,22.48,22.166908,90700,1048
2022-11-23,22.43,22.795,22.41,22.719999,22.403566,90100,1049
2022-11-25,22.57,22.68,22.4,22.5,22.186628,44600,1050
2022-11-28,22.27,22.41,21.9,21.93,21.624569,85500,1051
2022-11-29,22.040001,22.235001,22,22.07,21.762619,118100,1052
2022-11-30,22.26,23.059999,22.018999,23.059999,22.738831,110500,1053
2022-12-01,23.120001,23.23,22.84,23.07,22.74869,94500,1054
2022-12-02,22.690001,23.26,22.690001,23.209999,22.88674,154000,1055
2022-12-05,23.059999,23.15,22.531,22.57,22.255653,196400,1056
2022-12-06,22.59,22.700001,21.98,22.02,21.713314,98900,1057
2022-12-07,21.98,22.290001,21.969999,22.049999,21.742895,170000,1058
2022-12-08,22.190001,22.375,21.99,22.1,21.7922,181400,1059
2022-12-09,22.08,22.26,21.93,21.93,21.624569,151800,1060
2022-12-12,21.879999,22.09,21.76,22.09,21.782339,98400,1061
2022-12-13,22.879999,23.030001,22.18,22.34,22.028858,119700,1062
2022-12-14,22.25,22.503,22.030001,22.23,21.920389,160300,1063
2022-12-15,21.719999,21.83,21.33,21.4,21.10195,200800,1064
2022-12-16,21.27,21.41,21.041,21.16,20.865294,136200,1065
2022-12-19,21.190001,21.200001,20.621,20.75,20.461002,169000,1066
2022-12-20,20.610001,20.9,20.540001,20.68,20.391977,147000,1067
2022-12-21,20.700001,20.919001,20.610001,20.84,20.549749,169300,1068
2022-12-22,20.57,20.629999,19.9,20.23,19.948244,177600,1069
2022-12-23,20.190001,20.299999,20,20.23,19.948244,140500,1070
2022-12-27,20.15,20.200001,19.882,19.9,19.622841,249300,1071
2022-12-28,19.83,19.969999,19.51,19.540001,19.267857,183100,1072
2022-12-29,19.709999,20.021999,19.610001,20,19.862745,237900,1073
2022-12-30,19.799999,19.969999,19.726999,19.870001,19.733637,172100,1074
2023-01-03,20.280001,20.389999,19.780001,19.92,19.783295,343400,1075
2023-01-04,20.209999,20.459999,20.07,20.280001,20.140823,621300,1076
2023-01-05,20.219999,20.405001,20.1,20.200001,20.061373,102600,1077
2023-01-06,20.4,20.938,20.219999,20.9,20.756567,104600,1078
2023-01-09,21.16,21.52,21.07,21.200001,21.05451,128700,1079
2023-01-10,21.190001,21.58,21.063,21.58,21.431902,87900,1080
2023-01-11,21.690001,21.99,21.620001,21.940001,21.789433,81800,1081
2023-01-12,22.139999,22.4,21.801001,22.4,22.246273,162600,1082
2023-01-13,21.93,22.389999,21.881001,22.309999,22.156891,81900,1083
2023-01-17,22.370001,22.51,22.25,22.389999,22.236341,108000,1084
2023-01-18,22.51,22.790001,22.209999,22.209999,22.057577,230200,1085
2023-01-19,22.01,22.08,21.690001,21.860001,21.70998,152800,1086
2023-01-20,22.030001,22.43,21.82,22.4,22.246273,223900,1087
2023-01-23,22.549999,23.139999,22.530001,23.1,22.941471,111800,1088
2023-01-24,22.940001,23.15,22.879999,23.02,22.86202,75200,1089
2023-01-25,22.780001,23.18,22.66,23.15,22.991127,95200,1090
2023-01-26,23.49,23.662001,23.209999,23.57,23.408245,241500,1091
2023-01-27,23.49,24,23.4,23.870001,23.706186,129500,1092
2023-01-30,23.5,23.700001,23.32,23.32,23.15996,126000,1093
2023-01-31,23.34,23.76,23.261,23.76,23.596941,197800,1094
2023-02-01,23.83,24.6,23.77,24.389999,24.222616,160400,1095
2023-02-02,24.629999,25.174999,24.610001,24.93,24.758911,246400,1096
2023-02-03,24.450001,25,24.299999,24.530001,24.361658,470000,1097
2023-02-06,24.17,24.399,24.049999,24.17,24.004128,434000,1098
2023-02-07,24.25,24.620001,23.993,24.52,24.351727,226500,1099
2023-02-08,24.469999,24.68,24.17,24.18,24.014059,131000,1100
2023-02-09,24.629999,24.719999,23.950001,24.059999,23.894882,147300,1101
2023-02-10,23.83,23.889,23.540001,23.73,23.567146,178000,1102
2023-02-13,23.74,24.014999,23.6,23.98,23.81543,113500,1103
2023-02-14,23.780001,24.309999,23.700001,24.290001,24.123304,181300,1104
2023-02-15,24.1,24.6,24.01,24.59,24.421246,96200,1105
2023-02-16,24.129999,24.66,24.129999,24.27,24.103441,157800,1106
2023-02-17,24.059999,24.139999,23.76,24.059999,23.894882,64400,1107
2023-02-21,23.709999,23.85,23.24,23.24,23.080509,245100,1108
2023-02-22,23.23,23.33,22.950001,23.18,23.020922,499200,1109
2023-02-23,23.41,23.58,23.07,23.469999,23.308929,113300,1110
2023-02-24,23.01,23.030001,22.799999,23,22.842157,121600,1111
2023-02-27,23.299999,23.450001,23.200001,23.32,23.15996,76100,1112
2023-02-28,23.309999,23.59,23.280001,23.379999,23.219547,71000,1113
2023-03-01,23.549999,23.65,23.370001,23.450001,23.289068,84300,1114
2023-03-02,23.030001,23.49,22.950001,23.459999,23.298998,98600,1115
2023-03-03,23.709999,24.24,23.629999,24.190001,24.023991,128000,1116
2023-03-06,24.27,24.290001,23.860001,23.91,23.745911,102300,1117
2023-03-07,23.799999,23.85,23.290001,23.299999,23.140097,61600,1118
2023-03-08,23.299999,23.549999,23.290001,23.540001,23.378452,84800,1119
2023-03-09,23.51,23.66,22.851,22.92,22.762705,182200,1120
2023-03-10,22.85,22.940001,22.34,22.440001,22.285999,63800,1121
2023-03-13,22.049999,22.530001,21.83,22.32,22.166822,162200,1122
2023-03-14,22.549999,22.73,22.309999,22.57,22.415108,253300,1123
2023-03-15,21.9,22.059999,21.66,22.059999,21.908607,86600,1124
2023-03-16,21.83,22.559999,21.83,22.549999,22.395245,130000,1125
2023-03-17,22.43,22.559999,22.09,22.18,22.027784,90500,1126
2023-03-20,22.219999,22.49,22.1,22.35,22.196617,117400,1127
2023-03-21,22.65,22.91,22.65,22.860001,22.703117,65800,1128
2023-03-22,22.93,23.208,22.51,22.52,22.365452,93900,1129
2023-03-23,22.860001,23.139999,22.48,22.719999,22.564077,286000,1130
2023-03-24,22.530001,22.629999,22.349001,22.59,22.434971,67200,1131
2023-03-27,22.709999,22.75,22.459999,22.6,22.444902,115700,1132
2023-03-28,22.68,22.74,22.540001,22.690001,22.534285,88200,1133
2023-03-29,23.02,23.254,22.950001,23.219999,23.060646,96500,1134
2023-03-30,23.49,23.59,23.389999,23.450001,23.289068,157900,1135
2023-03-31,23.48,23.855,23.48,23.84,23.676392,75100,1136
2023-04-03,23.74,23.84,23.440001,23.67,23.507559,286100,1137
2023-04-04,23.6,23.629999,23.164,23.27,23.110304,89600,1138
2023-04-05,23.01,23.033001,22.6,22.74,22.583941,121300,1139
2023-04-06,22.57,22.76,22.469999,22.68,22.524353,76600,1140
2023-04-10,22.469999,22.85,22.450001,22.85,22.693186,92700,1141
2023-04-11,22.98,23.077999,22.908001,22.98,22.822294,209700,1142
2023-04-12,23.200001,23.26,22.74,22.74,22.583941,79900,1143
2023-04-13,22.950001,23.195,22.860001,23.09,22.93154,92800,1144
2023-04-14,23.08,23.309999,22.889999,23.040001,22.881884,70300,1145
2023-04-17,23.02,23.219999,23.01,23.219999,23.060646,85600,1146
2023-04-18,23.379999,23.440001,23.174999,23.27,23.110304,84400,1147
2023-04-19,23.01,23.1,22.91,23.02,22.86202,128200,1148
2023-04-20,22.57,22.68,22.360001,22.469999,22.315794,99600,1149
2023-04-21,22.41,22.41,22.17,22.290001,22.13703,74300,1150
2023-04-24,22.280001,22.450001,22.209999,22.379999,22.22641,144300,1151
2023-04-25,22.17,22.219999,21.799999,21.815001,21.665289,101800,1152
2023-04-26,21.959999,22.059999,21.791,21.83,21.680185,73400,1153
2023-04-27,21.92,22.209999,21.860001,22.200001,22.047647,80000,1154
2023-04-28,22.16,22.4,22.129999,22.4,22.246273,67500,1155
2023-05-01,22.34,22.476999,22.26,22.33,22.176754,86200,1156
2023-05-02,22.26,22.26,21.955999,22.129999,21.978127,134800,1157
2023-05-03,22.139999,22.440001,22.049999,22.049999,21.898676,443900,1158
2023-05-04,21.99,22.02,21.83,21.92,21.769567,119600,1159
2023-05-05,22.18,22.65,22.18,22.620001,22.464766,59700,1160
2023-05-08,22.690001,22.780001,22.559999,22.76,22.603804,92600,1161
2023-05-09,22.559999,22.620001,22.5,22.610001,22.454834,61600,1162
2023-05-10,22.9,22.969999,22.540001,22.77,22.613735,102400,1163
2023-05-11,22.84,22.84,22.57,22.77,22.613735,129600,1164
2023-05-12,22.799999,22.822001,22.379999,22.57,22.415108,83700,1165
2023-05-15,22.610001,22.879999,22.521,22.83,22.673323,70300,1166
2023-05-16,22.74,22.83,22.629999,22.68,22.524353,73700,1167
2023-05-17,22.76,23.200001,22.68,23.190001,23.030853,98900,1168
2023-05-18,23.219999,23.459999,23.15,23.42,23.259274,182000,1169
2023-05-19,23.469999,23.549999,23.280001,23.395,23.234446,158000,1170
2023-05-22,23.35,23.84,23.35,23.790001,23.626736,204200,1171
2023-05-23,23.559999,23.76,23.309999,23.360001,23.199686,51900,1172
2023-05-24,23.059999,23.059999,22.75,22.889999,22.73291,182100,1173
2023-05-25,23.290001,23.336,23.000999,23.17,23.01099,109700,1174
2023-05-26,23.219999,23.794001,23.190001,23.74,23.577078,119000,1175
2023-05-30,23.959999,24.09,23.646999,23.83,23.66646,159800,1176
2023-05-31,23.549999,23.690001,23.190001,23.41,23.249342,62900,1177
2023-06-01,23.49,23.950001,23.339001,23.84,23.676392,213800,1178
2023-06-02,24.26,24.450001,24.139999,24.440001,24.272274,175300,1179
2023-06-05,24.42,24.5,24.190001,24.26,24.09351,165900,1180
2023-06-06,24.26,24.879999,24.16,24.879999,24.709253,83200,1181
2023-06-07,24.93,25.094,24.747,24.83,24.659597,137900,1182
2023-06-08,24.780001,25.07,24.75,25.02,24.848293,148900,1183
2023-06-09,25.219999,25.41,25.007,25.08,24.907883,92900,1184
2023-06-12,25.299999,25.459999,25.129999,25.440001,25.265411,121500,1185
2023-06-13,25.75,26.18,25.68,26.17,25.990402,314500,1186
2023-06-14,26.18,26.386999,25.92,26.18,26.000334,316400,1187
2023-06-15,26.07,26.503,26.01,26.450001,26.26848,136700,1188
2023-06-16,26.48,26.549999,26.129999,26.209999,26.030127,177400,1189
2023-06-20,25.959999,26.049999,25.620001,25.91,25.732185,115300,1190
2023-06-21,25.870001,25.91,25.5,25.59,25.414383,123200,1191
2023-06-22,25.34,25.57,25.290001,25.549999,25.374657,79800,1192
2023-06-23,25.049999,25.190001,24.91,24.969999,24.798635,97100,1193
2023-06-26,25.01,25.35,24.889,24.9,24.729116,142800,1194
2023-06-27,25.02,25.48,24.969999,25.43,25.25548,103500,1195
2023-06-28,25.290001,25.549999,25.290001,25.5,25.324999,83200,1196
2023-06-29,25.370001,25.57,25.32,25.549999,25.549999,55400,1197
2023-06-30,25.879999,26.110001,25.790001,26.040001,26.040001,83800,1198
2023-07-03,26.26,26.49,26.24,26.32,26.32,64700,1199
2023-07-05,26.16,26.287001,26.1,26.16,26.16,234900,1200
2023-07-06,25.809999,25.889999,25.459999,25.709999,25.709999,93400,1201
2023-07-07,25.790001,26.35,25.709999,26.1,26.1,112800,1202
2023-07-10,26.07,26.32,25.93,26.290001,26.290001,112900,1203
2023-07-11,26.41,26.559999,26.24,26.540001,26.540001,107100,1204
2023-07-12,26.9,27.030001,26.799999,26.950001,26.950001,232800,1205
2023-07-13,27.15,27.370001,27.049999,27.33,27.33,162800,1206
2023-07-14,27.43,27.43,26.878,26.950001,26.950001,105300,1207
2023-07-17,26.969999,27.246,26.834999,27.17,27.17,141100,1208
2023-07-18,27.219999,27.469999,27.08,27.41,27.41,103100,1209
2023-07-19,27.5,27.59,27.27,27.41,27.41,151400,1210
2023-07-20,27.15,27.200001,26.650999,26.790001,26.790001,171400,1211
2023-07-21,26.92,26.971001,26.48,26.575001,26.575001,252100,1212
2023-07-24,26.58,26.77,26.48,26.67,26.67,223400,1213
2023-07-25,26.809999,26.969999,26.75,26.799999,26.799999,1527300,1214
2023-07-26,26.790001,27.190001,26.76,27.049999,27.049999,91500,1215
2023-07-27,27.440001,27.440001,26.790001,26.85,26.85,164400,1216
2023-07-28,27.24,27.549999,27.190001,27.540001,27.540001,139300,1217
2023-07-31,27.559999,27.799999,27.549999,27.76,27.76,103000,1218
2023-08-01,27.57,27.671,27.5,27.639999,27.639999,141500,1219
2023-08-02,27.16,27.219999,26.681999,26.809999,26.809999,155600,1220
2023-08-03,26.549999,26.93,26.440001,26.719999,26.719999,123200,1221
2023-08-04,26.74,26.879999,26.34,26.370001,26.370001,119500,1222
2023-08-07,26.559999,26.653999,26.15,26.360001,26.360001,145100,1223
2023-08-08,25.940001,26.059999,25.709999,26.040001,26.040001,166100,1224
2023-08-09,26.08,26.08,25.531,25.66,25.66,113300,1225
2023-08-10,25.76,25.889999,25.219999,25.299999,25.299999,87000,1226
2023-08-11,25.049999,25.146999,24.870001,24.98,24.98,89100,1227
2023-08-14,24.66,24.955,24.530001,24.93,24.93,123300,1228
2023-08-15,24.790001,24.858999,24.459999,24.48,24.48,61200,1229
2023-08-16,24.280001,24.379999,24.040001,24.040001,24.040001,85000,1230
2023-08-17,24.17,24.18,23.825001,23.85,23.85,79900,1231
2023-08-18,23.59,23.889999,23.530001,23.809999,23.809999,109200,1232
2023-08-21,23.98,24.120001,23.84,24.07,24.07,68400,1233
2023-08-22,24.32,24.440001,23.93,24.01,24.01,67500,1234
2023-08-23,23.969999,24.41,23.969999,24.41,24.41,61600,1235
2023-08-24,24.41,24.41,23.799999,23.799999,23.799999,88800,1236
2023-08-25,23.92,24.145,23.663,24.110001,24.110001,62200,1237
2023-08-28,24.24,24.35,24.17,24.35,24.35,63400,1238
2023-08-29,24.299999,24.98,24.200001,24.98,24.98,78600,1239
2023-08-30,24.860001,25,24.73,24.950001,24.950001,120300,1240
2023-08-31,24.940001,25.129999,24.809999,24.91,24.91,378700,1241
2023-09-01,25.120001,25.24,24.969999,25.1,25.1,60600,1242
2023-09-05,25.030001,25.09,24.900999,25.01,25.01,77400,1243
2023-09-06,25.040001,25.1,24.66,24.790001,24.790001,56400,1244
2023-09-07,24.379999,24.379999,24.15,24.32,24.32,55300,1245
2023-09-08,24.299999,24.333,24.110001,24.145,24.145,45800,1246
2023-09-11,24.48,24.552999,24.299999,24.48,24.48,113400,1247
2023-09-12,24.389999,24.719999,24.360001,24.514999,24.514999,68600,1248
2023-09-13,24.459999,24.582001,24.34,24.42,24.42,198200,1249
2023-09-14,24.58,24.780001,24.5,24.754999,24.754999,44100,1250
2023-09-15,24.74,24.82,24.51,24.57,24.57,50500,1251
2023-09-18,24.440001,24.530001,24.35,24.41,24.41,70500,1252
2023-09-19,24.389999,24.49,24.184,24.389999,24.389999,121500,1253
2023-09-20,24.370001,24.51,23.889999,23.92,23.92,57300,1254
2023-09-21,23.530001,23.719999,23.360001,23.370001,23.370001,80300,1255
2023-09-22,23.6,23.780001,23.407,23.459999,23.459999,49400,1256
2023-09-25,23.24,23.530001,23.17,23.49,23.49,97100,1257