Date,Open,High,Low,Close,Adj Close,Volume,Days
2018-02-12,100.129997,100.449997,98.800003,99.550003,90.851105,9135100,0
2018-02-13,99.330002,101.220001,99.330002,100.980003,92.156151,6622800,1
2018-02-14,100.860001,102.25,100.209999,101.699997,92.813248,7307600,2
2018-02-15,102.550003,103.639999,101.830002,103.230003,94.209557,7494900,3
2018-02-16,103.089996,104.940002,101.980003,104.779999,95.624084,16064300,4
2018-02-20,96.989998,97.940002,94.099998,94.110001,85.886467,52088500,5
2018-02-21,95.110001,95.339996,91.239998,91.519997,83.522789,49503700,6
2018-02-22,91.43,93.389999,91.309998,92.769997,84.663567,20365000,7
2018-02-23,92.879997,93.489998,91.760002,92.889999,84.773071,12791500,8
2018-02-26,92.900002,93.800003,92.220001,93.120003,84.982986,14699300,9
2018-02-27,93.629997,93.720001,91.510002,91.519997,83.522789,13376100,10
2018-02-28,92,92.099998,90,90.010002,82.14473,14143700,11
2018-03-01,90.169998,90.18,87.709999,89.080002,81.295998,18909600,12
2018-03-02,87.269997,88.900002,87.239998,88.769997,81.013077,19043400,13
2018-03-05,88.139999,90.5,88.07,89.980003,82.117363,13383200,14
2018-03-06,90.349998,90.5,88.629997,89.059998,81.27774,11054700,15
2018-03-07,87.980003,88.529999,87.339996,87.739998,80.07309,11453000,16
2018-03-08,87.769997,88.129997,87.339996,87.919998,80.715729,9588700,17
2018-03-09,88.239998,88.720001,87.529999,88.720001,81.45018,9754400,18
2018-03-12,88.699997,89.440002,87.879997,88.07,80.853439,8474000,19
2018-03-13,88.389999,88.900002,87.980003,88.300003,81.06459,7173000,20
2018-03-14,88.510002,88.989998,87.5,87.669998,80.486214,11040600,21
2018-03-15,87.68,88.790001,85.900002,87.510002,80.339333,16615200,22
2018-03-16,87.720001,90.089996,87.5,89.169998,81.863304,28396000,23
2018-03-19,88.910004,89.080002,87.099998,87.449997,80.284233,12053400,24
2018-03-20,87.860001,88.150002,87.370003,87.949997,80.743263,8258000,25
2018-03-21,87.889999,89.68,87.68,88.18,80.95443,11836000,26
2018-03-22,87.529999,88.269997,86.989998,87.139999,79.999657,12248200,27
2018-03-23,87.349998,87.690002,85.279999,85.419998,78.420593,10125100,28
2018-03-26,86.220001,87.690002,86.110001,87.5,80.330132,9199800,29
2018-03-27,87.959999,88.040001,85.480003,86.050003,78.998962,6545800,30
2018-03-28,86.260002,88.239998,86.190002,87.769997,80.578018,11576300,31
2018-03-29,87.900002,89.339996,87.769997,88.970001,81.67968,9274600,32
2018-04-02,88,88.239998,84.839996,85.550003,78.539917,19128900,33
2018-04-03,86.25,86.949997,85.550003,86.800003,79.6875,9695500,34
2018-04-04,85.599998,87.5,85.440002,87.220001,80.073082,6536600,35
2018-04-05,87.599998,88.349998,87.050003,87.809998,80.614746,6380900,36
2018-04-06,86.830002,87.900002,86.129997,86.690002,79.58651,6350000,37
2018-04-09,86.849998,87.449997,86.239998,86.279999,79.210106,8368100,38
2018-04-10,86.839996,87.099998,85.660004,86.449997,79.366173,9127400,39
2018-04-11,86,86.860001,85.800003,85.910004,78.870422,6279000,40
2018-04-12,86.190002,86.830002,85.410004,85.43,78.429756,6856300,41
2018-04-13,85.889999,86.269997,85.190002,86.019997,78.971428,7559200,42
2018-04-16,86.199997,87.650002,86.120003,86.839996,79.724228,7020700,43
2018-04-17,87.480003,88.169998,87.410004,87.900002,80.697372,6801900,44
2018-04-18,88.199997,88.559998,87.510002,87.57,80.394394,5854000,45
2018-04-19,87.410004,88.040001,86.580002,87.889999,80.688187,6588300,46
2018-04-20,87.870003,88.379997,86.669998,86.980003,79.852753,8324900,47
2018-04-23,86.889999,87.080002,86.019997,86.099998,79.044868,7360500,48
2018-04-24,86.769997,86.910004,85.57,86.529999,79.439636,8469700,49
2018-04-25,86.32,87.699997,85.889999,87.169998,80.027184,6760400,50
2018-04-26,87.169998,88.32,86.900002,87.940002,80.734085,5782500,51
2018-04-27,87.870003,87.900002,87.080002,87.290001,80.13736,5651100,52
2018-04-30,87.940002,89.660004,87.919998,88.459999,81.211464,8685900,53
2018-05-01,87.669998,88.010002,86.349998,87.410004,80.247513,6957700,54
2018-05-02,87.129997,87.25,86.160004,86.339996,79.26519,6083000,55
2018-05-03,86.190002,86.290001,85.120003,86.230003,79.164207,6876100,56
2018-05-04,86,88.099998,85.360001,87.529999,80.357674,6971500,57
2018-05-07,87.489998,87.5,85.269997,85.470001,78.466469,10783600,58
2018-05-08,85.519997,85.849998,84.919998,85.739998,78.714355,6551400,59
2018-05-09,82.559998,83.68,82,83.059998,76.253952,32265200,60
2018-05-10,82.639999,83.769997,82.010002,82.690002,76.392548,15857600,61
2018-05-11,82.690002,83.519997,81.949997,83.379997,77.029999,9934800,62
2018-05-14,83.889999,84.790001,83.650002,84.389999,77.963066,9499200,63
2018-05-15,84.059998,84.879997,83.800003,84.519997,78.083145,9322900,64
2018-05-16,84.870003,86.129997,84.739998,86.129997,79.570557,13733600,65
2018-05-17,87.040001,87.589996,83.849998,84.489998,78.055458,29720700,66
2018-05-18,84.239998,84.440002,83.489998,83.639999,77.270187,12043100,67
2018-05-21,84.139999,84.540001,83.82,84.510002,78.073929,10715700,68
2018-05-22,84.5,84.809998,83.290001,83.370003,77.020752,8067300,69
2018-05-23,82.949997,83.019997,82.169998,83.010002,76.688164,9399200,70
2018-05-24,83,83,81.779999,82.849998,76.540344,8576200,71
2018-05-25,82.849998,83.339996,82.32,82.459999,76.180061,5913500,72
2018-05-29,81.959999,82.519997,81.809998,82.400002,76.124649,8428200,73
2018-05-30,82.449997,84.230003,82.260002,84.120003,77.713646,9314100,74
2018-05-31,83.940002,84.309998,82.510002,82.540001,76.253952,11468700,75
2018-06-01,83.040001,83.419998,82.849998,82.989998,76.669701,5237900,76
2018-06-04,83.5,85.519997,83.300003,85.419998,78.914627,10922000,77
2018-06-05,85.449997,85.470001,84.25,84.620003,78.17556,8281400,78
2018-06-06,84.949997,85.150002,84.349998,84.559998,78.120117,7362800,79
2018-06-07,84.779999,85.760002,84.690002,84.949997,78.480423,7705700,80
2018-06-08,84.779999,85.190002,84.139999,84.360001,77.935364,7602400,81
2018-06-11,84.410004,84.540001,83.790001,84.300003,77.879921,6252300,82
2018-06-12,84.32,84.589996,83.470001,84.099998,77.695168,8061700,83
2018-06-13,83.889999,84.370003,83.849998,84.089996,77.685921,6358400,84
2018-06-14,84.220001,84.809998,83.669998,83.790001,77.408775,7517400,85
2018-06-15,83.5,83.989998,83.059998,83.699997,77.3256,12503000,86
2018-06-18,83.050003,83.57,82.82,83,76.678932,8502300,87
2018-06-19,82.599998,83.620003,82.370003,83.610001,77.242477,9352500,88
2018-06-20,83.709999,83.82,83.160004,83.610001,77.242477,7966600,89
2018-06-21,83.400002,84.550003,82.900002,84.209999,77.796783,8092000,90
2018-06-22,84.459999,84.849998,84.099998,84.82,78.360336,10813000,91
2018-06-25,84.589996,86.599998,84.480003,86.470001,79.884666,15939500,92
2018-06-26,86.529999,87.050003,85.760002,85.980003,79.431984,10126200,93
2018-06-27,85.900002,87.489998,85.550003,86.889999,80.272682,10299700,94
2018-06-28,86.849998,87.290001,85.690002,85.860001,79.321121,8467000,95
2018-06-29,85.900002,86.199997,85.519997,85.650002,79.127121,8255600,96
2018-07-02,85.650002,85.940002,83.400002,84,77.602783,8125100,97
2018-07-03,84.089996,85.050003,84.089996,84.440002,78.009262,4396200,98
2018-07-05,84.940002,85.580002,84.269997,84.57,78.129372,5367500,99
2018-07-06,84.199997,84.870003,83.82,84.510002,78.073929,5613700,100
2018-07-09,85,86.470001,84.769997,85.93,79.385803,6575400,101
2018-07-10,85.93,87.330002,85.879997,87.209999,80.568306,6048400,102
2018-07-11,87.059998,87.150002,86.389999,86.529999,79.940102,5595900,103
2018-07-12,86.940002,87.410004,86.220001,86.519997,79.930855,4888600,104
2018-07-13,86.519997,87.989998,86.5,87.699997,81.020988,6388600,105
2018-07-16,87.620003,87.720001,86.830002,87.639999,80.965569,4447200,106
2018-07-17,87.400002,88.699997,87.400002,88.190002,81.473686,5911500,107
2018-07-18,88.330002,89.190002,87.940002,88.07,81.362816,5045500,108
2018-07-19,87.860001,88.480003,87.410004,87.720001,81.039474,4883100,109
2018-07-20,87.400002,88.169998,87.199997,88.059998,81.353577,4815100,110
2018-07-23,87.650002,88.150002,87.379997,87.629997,80.956329,4150000,111
2018-07-24,88.120003,88.5,87.610001,87.959999,81.261192,5589500,112
2018-07-25,87.269997,88.019997,87.110001,87.900002,81.205757,5809100,113
2018-07-26,88.5,89.43,88.18,88.230003,81.51062,6548300,114
2018-07-27,88.639999,88.879997,88.029999,88.129997,81.418236,4679400,115
2018-07-30,88,88.940002,87.889999,88.879997,82.11113,6010700,116
2018-07-31,89,89.660004,88.800003,89.230003,82.434479,6708100,117
2018-08-01,88.860001,89.129997,87.879997,88.239998,81.519859,5050000,118
2018-08-02,87.940002,88.839996,87.620003,88.760002,82.000259,4306100,119
2018-08-03,89.190002,90.279999,89,89.599998,82.776291,5747200,120
2018-08-06,89.309998,89.980003,89.129997,89.669998,82.84095,4651600,121
2018-08-07,89.830002,90.360001,89.650002,89.769997,82.93335,4526700,122
2018-08-08,89.970001,90.230003,89.370003,90.050003,83.192039,5041100,123
2018-08-09,89.459999,89.629997,88.760002,89.010002,82.708847,4727900,124
2018-08-10,88.699997,90.370003,88.650002,90.18,83.796005,8244900,125
2018-08-13,90.199997,90.540001,89.370003,89.639999,83.294235,5879200,126
2018-08-14,89.639999,91.120003,89.629997,90.849998,84.418571,5836800,127
2018-08-15,90.25,90.410004,89.669998,90.220001,83.833176,8616900,128
2018-08-16,100.110001,100.209999,97.910004,98.639999,91.657104,42631300,129
2018-08-17,97.769997,99.669998,97.610001,97.849998,90.923035,16463300,130
2018-08-20,97.669998,98.290001,95.949997,96,89.203995,12679300,131
2018-08-21,95.959999,96.360001,95.360001,96.080002,89.278336,10531300,132
2018-08-22,96.199997,96.849998,95.230003,95.669998,88.897362,7765700,133
2018-08-23,95.5,95.860001,95.059998,95.18,88.442055,6096400,134
2018-08-24,95.089996,95.660004,94.349998,94.949997,88.228317,8594300,135
2018-08-27,95.260002,95.610001,94.290001,94.540001,87.847359,7040300,136
2018-08-28,94.769997,96.349998,94.529999,96.07,89.269051,9983000,137
2018-08-29,96.279999,96.830002,95.529999,95.639999,88.869469,7862800,138
2018-08-30,95.5,96.5,95.449997,96.099998,89.296906,7058700,139
2018-08-31,96.190002,96.440002,95.110001,95.860001,89.073914,6324700,140
2018-09-04,95.800003,96.269997,95.239998,95.360001,88.609283,8280700,141
2018-09-05,95.669998,96.830002,95.360001,96.620003,89.780106,9474600,142
2018-09-06,96.529999,96.720001,96.010002,96.449997,89.622139,6150800,143
2018-09-07,95.800003,96.480003,95.639999,95.830002,89.046028,6672400,144
2018-09-10,96.110001,97.190002,96.089996,96.900002,90.040283,8332600,145
2018-09-11,97.269997,97.660004,96.489998,96.639999,89.798698,6463500,146
2018-09-12,96.260002,96.739998,95.93,95.970001,89.176109,5900000,147
2018-09-13,95.32,95.620003,94.910004,95.120003,88.386307,7652900,148
2018-09-14,94.529999,94.839996,94.349998,94.589996,87.893829,6319400,149
2018-09-17,94.75,95.480003,94.370003,94.82,88.107536,5329800,150
2018-09-18,94.459999,95.589996,94.150002,95.43,88.674347,6759800,151
2018-09-19,95.57,95.889999,94.879997,95.239998,88.497795,5675100,152
2018-09-20,95.349998,95.790001,94.949997,95.75,88.971703,5552300,153
2018-09-21,95.919998,96.290001,95.629997,95.900002,89.111069,9530100,154
2018-09-24,95.440002,96,94.860001,94.919998,88.200462,5337000,155
2018-09-25,95.989998,96.519997,94.989998,95.099998,88.367714,6193200,156
2018-09-26,95.099998,95.589996,94.519997,94.589996,87.893829,5918600,157
2018-09-27,94.190002,94.959999,93.82,94.129997,87.466385,5363400,158
2018-09-28,94.279999,94.370003,93.690002,93.910004,87.261963,6306300,159
2018-10-01,94.290001,94.660004,94.040001,94.400002,87.71727,4994300,160
2018-10-02,93.93,95.610001,93.849998,95.150002,88.414169,7754600,161
2018-10-03,95.5,95.540001,94.040001,94.07,87.410629,6327400,162
2018-10-04,94.07,94.5,93.199997,94.209999,87.54071,6045300,163
2018-10-05,93.860001,94.190002,92.889999,93.309998,86.70443,6693400,164
2018-10-08,93.25,94.93,93.019997,94.690002,87.98674,5762600,165
2018-10-09,95.639999,97.739998,95.190002,97.080002,90.207535,11598900,166
2018-10-10,96.599998,97.849998,95.699997,95.760002,88.98098,9002800,167
2018-10-11,95.809998,96.290001,93.599998,93.919998,87.271248,9926500,168
2018-10-12,94.760002,95.169998,93.669998,94.809998,88.098251,8553900,169
2018-10-15,94.5,94.989998,93.82,93.82,87.178322,8305500,170
2018-10-16,94.699997,96.07,94.339996,95.809998,89.027443,11241700,171
2018-10-17,95.18,96.620003,94.900002,96.559998,89.72435,9539400,172
2018-10-18,96.400002,97.25,95.739998,96.169998,89.361954,11398400,173
2018-10-19,96,97.650002,96,97.150002,90.272575,8950700,174
2018-10-22,97.339996,97.580002,96.739998,97.139999,90.26329,7122900,175
2018-10-23,96.5,97.989998,96.110001,97.800003,90.876572,9405800,176
2018-10-24,97.5,99.169998,97.279999,97.559998,90.653564,10364700,177
2018-10-25,98.010002,99.480003,97,99.18,92.158875,10737100,178
2018-10-26,98.809998,99.669998,98.019997,98.940002,91.935883,14925600,179
2018-10-29,99.510002,101.730003,99.089996,99.800003,92.735001,12706100,180
2018-10-30,100.209999,102.599998,100.059998,102.419998,95.16951,12708500,181
2018-10-31,102.489998,102.489998,100.120003,100.279999,93.181007,12354900,182
2018-11-01,99.959999,101.169998,99.720001,100.580002,93.459785,7735100,183
2018-11-02,100.879997,101.57,100.309998,101.339996,94.16597,7303200,184
2018-11-05,101.190002,103.169998,100.629997,102.910004,95.62484,7616800,185
2018-11-06,102.540001,103.440002,102.050003,103.330002,96.015083,6368700,186
2018-11-07,103.660004,104.470001,103.050003,104.32,96.935005,8672600,187
2018-11-08,104.330002,105.260002,104.029999,104.879997,97.455383,5961400,188
2018-11-09,105,105.900002,104.809998,105.559998,98.087227,8450400,189
2018-11-12,105.5,106.209999,103.650002,103.870003,96.516884,8943100,190
2018-11-13,103.669998,104.150002,102.540001,102.940002,95.652718,7956700,191
2018-11-14,103,103.150002,101.010002,101.529999,94.342529,10481900,192
2018-11-15,102.32,102.800003,98.620003,99.540001,92.493401,16082600,193
2018-11-16,98.82,99.419998,96.919998,97.690002,90.774376,14235200,194
2018-11-19,97.940002,98.25,96.43,96.779999,89.928772,9214400,195
2018-11-20,94.980003,95.199997,93.599998,94.160004,87.494247,12620600,196
2018-11-21,94.360001,94.919998,93.309998,94.169998,87.503563,9350900,197
2018-11-23,94.129997,95.550003,94.129997,95.099998,88.367714,4890000,198
2018-11-26,95.690002,96.07,94.739998,95.150002,88.414169,10034600,199
2018-11-27,94.989998,95.540001,94.410004,95.040001,88.311951,9042300,200
2018-11-28,95.449997,97.620003,95.050003,97.459999,90.560631,10070800,201
2018-11-29,97.019997,97.830002,96.739998,97.290001,90.402672,6241300,202
2018-11-30,97.400002,98.43,97.07,97.650002,90.73719,10664000,203
2018-12-03,98.019997,99.589996,97.669998,98.75,91.759331,9082100,204
2018-12-04,98.25,98.959999,95.610001,95.809998,89.027443,10426300,205
2018-12-06,94.940002,95.410004,93.099998,94.769997,88.541626,10367200,206
2018-12-07,94.5,95.129997,92.449997,93.190002,87.065453,8496500,207
2018-12-10,93.559998,94.25,92.339996,93.940002,87.766174,7276900,208
2018-12-11,94.25,94.489998,93.25,93.849998,87.682083,6452500,209
2018-12-12,94.300003,94.300003,93.059998,93.110001,86.990723,9639200,210
2018-12-13,93.25,93.68,92.43,92.959999,86.850586,8042300,211
2018-12-14,92.050003,92.559998,91.57,91.849998,85.81353,11493600,212
2018-12-17,91.220001,92.010002,90.160004,90.769997,84.804512,9001800,213
2018-12-18,90.800003,91.260002,90.279999,91.080002,85.094139,9606700,214
2018-12-19,91.290001,93,90.25,90.550003,84.598984,12231500,215
2018-12-20,90.110001,90.110001,86.139999,87.279999,81.543884,16373800,216
2018-12-21,86.870003,89.470001,86.800003,87.129997,81.403725,14921500,217
2018-12-24,86.540001,87.57,85.779999,85.82,80.179825,6110300,218
2018-12-26,86.419998,90.419998,86.300003,90.410004,84.468163,10028300,219
2018-12-27,89.75,91.610001,88.440002,91.589996,85.570602,9881500,220
2018-12-28,92.07,93.470001,91.650002,92.129997,86.075127,9874000,221
2018-12-31,92.669998,93.389999,92.25,93.150002,87.028099,7005800,222
2019-01-02,91.639999,93.650002,91.639999,93.339996,87.205597,8152700,223
2019-01-03,93.209999,94.709999,92.699997,92.860001,86.757156,8277300,224
2019-01-04,93.209999,93.660004,92.690002,93.440002,87.299042,8029100,225
2019-01-07,93.620003,95.169998,93.18,94.540001,88.326744,7789700,226
2019-01-08,95.059998,95.760002,93.910004,95.199997,88.943367,7200900,227
2019-01-09,95.709999,96.139999,94.769997,94.889999,88.65374,6272300,228
2019-01-10,93.879997,94.980003,93.120003,94.959999,88.719131,9396300,229
2019-01-11,94.989998,95.290001,94.550003,94.839996,88.607018,5394600,230
2019-01-14,94.480003,95.449997,94.279999,94.949997,88.709793,7085100,231
2019-01-15,95.470001,96.599998,95.379997,96.25,89.924355,7058200,232
2019-01-16,95.93,96.860001,95.830002,96.349998,90.017799,5410000,233
2019-01-17,96.32,97.209999,96.160004,96.739998,90.382156,5614500,234
2019-01-18,96.949997,98.199997,96.849998,97.730003,91.307106,6120600,235
2019-01-22,97.150002,98.43,96.779999,97.489998,91.082863,8063200,236
2019-01-23,98.870003,99.349998,97.529999,98.709999,92.222687,8345800,237
2019-01-24,98.199997,98.459999,96.43,98.360001,91.895683,7609700,238
2019-01-25,98.75,98.910004,96.75,96.940002,90.569016,7218200,239
2019-01-28,96.529999,97.07,96.080002,97.059998,90.681114,5875800,240
2019-01-29,96.769997,97.160004,96.510002,96.709999,90.354126,5253400,241
2019-01-30,96.68,96.800003,94.260002,94.800003,88.569672,11849300,242
2019-01-31,94.629997,96.870003,94.629997,95.830002,89.531967,14723000,243
2019-02-01,95.919998,96,93.110001,93.860001,87.691422,12591900,244
2019-02-04,93.860001,94.769997,93.349998,94.769997,88.541626,7268600,245
2019-02-05,95.25,95.940002,95.019997,95.599998,89.31707,6099900,246
2019-02-06,95.43,96.010002,95.220001,95.639999,89.354446,4264900,247
2019-02-07,95.110001,96.82,95,96.730003,90.372803,7010100,248
2019-02-08,96.339996,96.690002,95.139999,95.580002,89.298409,6169200,249
2019-02-11,95.650002,96.349998,95.639999,96.199997,89.877632,5542800,250
2019-02-12,96.82,97.169998,96.5,96.970001,90.597046,5881300,251
2019-02-13,97.300003,98,97.089996,97.940002,91.503288,5458500,252
2019-02-14,97.68,99.199997,97.019997,98.519997,92.045166,7200800,253
2019-02-15,98.980003,100,98.860001,99.989998,93.418579,9481000,254
2019-02-19,102.379997,104.18,102.07,102.199997,95.483322,20697300,255
2019-02-20,101.809998,102.339996,98.650002,99.879997,93.315788,17631800,256
2019-02-21,99.660004,99.919998,98.910004,99.389999,92.857979,6413200,257
2019-02-22,99.82,100.160004,99.139999,99.550003,93.007484,8086900,258
2019-02-25,100.120003,100.129997,99.050003,99.120003,92.605736,9235000,259
2019-02-26,99.019997,99.059998,97.870003,98.690002,92.20401,8488100,260
2019-02-27,98.120003,98.389999,97.589996,98.110001,91.662125,7902300,261
2019-02-28,98.110001,99.470001,97.769997,98.989998,92.484276,11375900,262
2019-03-01,99.470001,99.559998,97.120003,97.93,91.493958,10352500,263
2019-03-04,98.120003,98.589996,97.370003,97.849998,91.419212,7683800,264
2019-03-05,98.129997,99.190002,98.089996,98.339996,91.876991,6119300,265
2019-03-06,98.269997,99,97.860001,98.260002,91.802261,4696600,266
2019-03-07,97.709999,98.199997,97.239998,97.449997,91.045479,6126600,267
2019-03-08,97.550003,98.419998,97,97.589996,91.176292,5659000,268
2019-03-11,98.040001,98.580002,97.82,98.480003,92.007813,5345300,269
2019-03-12,98.529999,98.739998,98.050003,98.370003,91.905045,5070500,270
2019-03-13,98.699997,99.349998,98.389999,99.029999,92.52166,5482300,271
2019-03-14,98.410004,98.43,97.589996,98.220001,92.258659,4925800,272
2019-03-15,98.279999,98.510002,97.599998,98.419998,92.44651,14600000,273
2019-03-18,98.300003,99.769997,98.260002,99.660004,93.611259,5770100,274
2019-03-19,99.989998,100.489998,99.57,99.849998,93.789703,5414400,275
2019-03-20,99.199997,99.550003,98.540001,98.639999,92.65316,6323100,276
2019-03-21,98.25,99.129997,98.099998,99.059998,93.047668,6551000,277
2019-03-22,98.580002,99.529999,97.940002,98.279999,92.314995,6708100,278
2019-03-25,97.800003,98.620003,97.629997,98.169998,92.21167,5407400,279
2019-03-26,98.360001,98.849998,98.029999,98.32,92.352585,4945900,280
2019-03-27,98.139999,98.860001,95,97.209999,91.309944,8471200,281
2019-03-28,97.589996,97.870003,96.529999,97.129997,91.234802,8054300,282
2019-03-29,97.589996,97.669998,97.040001,97.529999,91.610519,7439900,283
2019-04-01,97.970001,98.360001,97.559998,97.82,91.882927,8505800,284
2019-04-02,97.760002,98.309998,96.900002,96.940002,91.056343,6274000,285
2019-04-03,97.120003,97.400002,96.790001,97.190002,91.291168,5687500,286
2019-04-04,97.25,98.279999,97.239998,98.110001,92.155327,4026300,287
2019-04-05,98.25,99.199997,98.160004,98.830002,92.831635,4656000,288
2019-04-08,98.449997,99.25,98.260002,99.230003,93.207352,5422400,289
2019-04-09,98.800003,99.230003,98.150002,98.690002,92.700134,4367500,290
2019-04-10,98.510002,99.720001,98.5,99.599998,93.554901,4091100,291
2019-04-11,99.699997,100.830002,99.470001,100.800003,94.682053,5606900,292
2019-04-12,101,102.019997,101,101.559998,95.395927,5162000,293
2019-04-15,101.300003,102.910004,101.260002,102.43,96.21312,5111900,294
2019-04-16,102.889999,103.389999,102.540001,102.93,96.68277,4828400,295
2019-04-17,103,103.400002,102.410004,103.160004,96.898827,3729200,296
2019-04-18,103.110001,103.800003,102.889999,103.18,96.917603,3727800,297
2019-04-22,102.779999,103.540001,102.169998,102.370003,96.156776,5079400,298
2019-04-23,102.529999,103.290001,101.940002,103.07,96.814262,5050800,299
2019-04-24,103.139999,103.849998,103.089996,103.529999,97.246353,4697800,300
2019-04-25,103.239998,104.150002,102.830002,103.519997,97.236961,3961100,301
2019-04-26,100.449997,102.339996,99.660004,101.529999,95.367752,8107700,302
2019-04-29,101.879997,102,100.779999,101.559998,95.395927,6379700,303
2019-04-30,101.769997,102.919998,101.449997,102.839996,96.598236,6133600,304
2019-05-01,102.769997,102.809998,101.279999,101.360001,95.208061,5337200,305
2019-05-02,101.43,102.059998,100.239998,101.150002,95.010796,5007000,306
2019-05-03,102.32,102.75,101.800003,102.080002,95.884361,5316900,307
2019-05-06,100.75,102.550003,100.540001,102.459999,96.241302,4613700,308
2019-05-07,101.800003,102.169998,100.760002,101.300003,95.151711,4575600,309
2019-05-08,100.25,101.040001,99.860001,100.300003,94.212402,5882000,310
2019-05-09,99.269997,99.940002,98.849998,99.540001,93.995216,6240100,311
2019-05-10,99.760002,102.110001,99.699997,101.910004,96.2332,8742700,312
2019-05-13,100.449997,101.150002,99.010002,99.889999,94.325729,7361500,313
2019-05-14,100.139999,100.870003,99.889999,100.290001,94.703438,6353700,314
2019-05-15,100.199997,100.360001,99.129997,99.879997,94.316261,6740300,315
2019-05-16,102.830002,103.959999,100.839996,101.309998,95.666618,17122000,316
2019-05-17,100.239998,101.949997,99.910004,100.860001,95.241676,12371300,317
2019-05-20,100.389999,101.980003,100.25,101.519997,95.864914,7194100,318
2019-05-21,101.510002,101.650002,100.400002,101.120003,95.487198,6889100,319
2019-05-22,101.599998,102.43,101.059998,102.230003,96.535378,7340900,320
2019-05-23,101.82,101.93,100.650002,101.860001,96.185966,6454600,321
2019-05-24,102.18,102.889999,102.080002,102.669998,96.950859,4483200,322
2019-05-28,102.559998,103.57,102.400002,102.419998,96.71479,10271700,323
2019-05-29,102.110001,102.879997,101.470001,102.120003,96.431511,6520200,324
2019-05-30,102.489998,103.489998,101.910004,102.190002,96.497597,5019600,325
2019-05-31,101.349998,102.019997,100.599998,101.440002,95.789368,5927500,326
2019-06-03,101.629997,102.68,101.400002,101.959999,96.280426,6614700,327
2019-06-04,102.610001,102.650002,101.440002,102.559998,96.846992,5964900,328
2019-06-05,102.75,104.779999,102.599998,104.419998,98.603378,6902900,329
2019-06-06,104.489998,105.660004,104.199997,105.110001,99.254944,8063700,330
2019-06-07,105.230003,106.360001,105.050003,106.059998,100.152031,6809400,331
2019-06-10,106.480003,107.779999,106.370003,107.519997,101.530701,6325700,332
2019-06-11,108,108.970001,107.75,107.940002,101.927292,6747300,333
2019-06-12,107.919998,108.910004,107.919998,108.82,102.758286,4635100,334
2019-06-13,109,109.580002,108.169998,108.650002,102.59774,5485000,335
2019-06-14,108.779999,109.589996,108.459999,109.07,102.994354,4525900,336
2019-06-17,109.120003,109.550003,108.260002,109.160004,103.079353,4147000,337
2019-06-18,109.800003,109.959999,108.910004,109.650002,103.542046,4911200,338
2019-06-19,109.800003,109.839996,108.870003,109.620003,103.513718,3924600,339
2019-06-20,109.82,110.489998,109.279999,110.32,104.174728,5001500,340
2019-06-21,110.339996,112.190002,110.260002,111.129997,104.939606,13178600,341
2019-06-24,111.489998,112.220001,111.029999,111.239998,105.04348,6032800,342
2019-06-25,110.879997,111.43,110.400002,110.720001,104.552444,6105000,343
2019-06-26,110.849998,111.080002,110.099998,110.160004,104.023636,4161700,344
2019-06-27,110.059998,110.510002,108.860001,110.099998,103.96698,5481300,345
2019-06-28,110.550003,111.510002,110.239998,110.489998,104.335251,6506700,346
2019-07-01,111.300003,111.970001,110.019997,110.620003,104.458008,5514700,347
2019-07-02,110.830002,111.610001,110.339996,111.599998,105.383415,4062900,348
2019-07-03,111.18,112.400002,111,112.32,106.063309,3207300,349
2019-07-05,112,112.239998,111.209999,111.980003,105.742256,3579400,350
2019-07-08,111.919998,112.93,111.699997,112.720001,106.441032,4715700,351
2019-07-09,112.889999,113.379997,112.599998,112.879997,106.592102,5423400,352
2019-07-10,113.120003,113.610001,112.389999,112.980003,106.686554,4579000,353
2019-07-11,113.339996,113.940002,113.019997,113.919998,107.574181,3896600,354
2019-07-12,114.089996,114.769997,113.620003,114.599998,108.216316,3743300,355
2019-07-15,114.669998,115.080002,114.449997,114.980003,108.575142,3346000,356
2019-07-16,115.330002,115.489998,114.040001,114.760002,108.367401,3488200,357
2019-07-17,114.809998,115.169998,114.199997,114.599998,108.216316,2688500,358
2019-07-18,114.349998,114.779999,113.739998,114.720001,108.329628,3223600,359
2019-07-19,115,115.309998,113.860001,113.900002,107.555305,3796300,360
2019-07-22,114.099998,114.339996,112.32,112.82,106.535477,4516900,361
2019-07-23,113.120003,113.199997,111.57,112.089996,105.846123,5754200,362
2019-07-24,112.029999,112.790001,111.57,112,105.761131,4177300,363
2019-07-25,112.18,112.389999,111.660004,112.220001,105.96888,3851500,364
2019-07-26,112.120003,113.339996,111.82,113.019997,106.724319,4729000,365
2019-07-29,112.839996,112.980003,111.760002,112.269997,106.016098,3746600,366
2019-07-30,112.059998,112.400002,111.669998,112.059998,105.81778,3035200,367
2019-07-31,111.910004,112.339996,109.629997,110.379997,104.231377,6211300,368
2019-08-01,110.32,112.169998,109.32,109.379997,103.287079,7455000,369
2019-08-02,109.739998,110.139999,108.150002,109.400002,103.305969,5656700,370
2019-08-05,108,108,105.589996,105.82,99.925392,7570000,371
2019-08-06,106.190002,107.839996,105.589996,107.269997,101.294609,7016400,372
2019-08-07,107.019997,108.639999,105.919998,108.199997,102.172806,7278500,373
2019-08-08,108.010002,108.839996,107.769997,108.519997,102.979408,4374400,374
2019-08-09,108.059998,108.459999,106.709999,107.279999,101.802727,4193500,375
2019-08-12,106.720001,106.839996,104.839996,105.220001,99.8479,5868400,376
2019-08-13,105.25,108.110001,104.849998,107.410004,101.926094,6675300,377
2019-08-14,105.480003,108.059998,105.139999,106.199997,100.77787,9312800,378
2019-08-15,112.529999,113.639999,110.160004,112.690002,106.936508,19812900,379
2019-08-16,114.080002,114.93,112.059998,112.989998,107.221199,10965200,380
2019-08-19,114.349998,114.779999,113.599998,113.809998,107.999321,7178100,381
2019-08-20,113.860001,114.040001,112.010002,112.050003,106.329185,6112300,382
2019-08-21,113.980003,114.07,111.879997,112.019997,106.300705,8156400,383
2019-08-22,112.199997,112.790001,111.349998,111.910004,106.196342,5995400,384
2019-08-23,111.620003,111.910004,110.129997,110.830002,105.171486,6236700,385
2019-08-26,111.559998,112.269997,111.220001,111.989998,106.272247,5935700,386
2019-08-27,112.419998,112.809998,111.510002,112.419998,106.680275,5733700,387
2019-08-28,112.279999,113.080002,111.68,112.720001,106.964973,5371000,388
2019-08-29,114.199997,114.589996,113.309998,114.080002,108.255554,5270500,389
2019-08-30,115,115.379997,113.900002,114.260002,108.426361,5705300,390
2019-09-03,113.68,115.309998,113.489998,114.639999,108.786942,5942700,391
2019-09-04,115.690002,115.959999,114.82,115.910004,109.992126,5782900,392
2019-09-05,117.669998,117.959999,115.269997,115.440002,109.546112,5826400,393
2019-09-06,115.440002,115.75,114.620003,114.730003,108.872353,4346400,394
2019-09-09,114.5,116.610001,114.400002,116.330002,110.390656,5973700,395
2019-09-10,115.989998,116.959999,115.480003,116.050003,110.124962,4857400,396
2019-09-11,116,116.699997,115.220001,116.019997,110.096481,5284100,397
2019-09-12,116.650002,117.07,115.900002,116.919998,110.950546,4474300,398
2019-09-13,117.160004,118.190002,116.949997,117.43,111.434517,5638600,399
2019-09-16,116.540001,117.169998,115.379997,115.57,109.669479,6090300,400
2019-09-17,115.32,116.690002,115.25,116.510002,110.561485,4604500,401
2019-09-18,116.910004,117.230003,116.18,117.160004,111.178291,3956000,402
2019-09-19,117.400002,117.809998,116.769997,117.110001,111.130836,3380600,403
2019-09-20,117.349998,117.639999,116.800003,116.980003,111.007492,11332400,404
2019-09-23,116.610001,118.410004,116.559998,117.620003,111.614799,5162500,405
2019-09-24,118.25,119.860001,118.010002,118.400002,112.354973,7273100,406
2019-09-25,118.470001,118.720001,117.809998,118.470001,112.421417,4613600,407
2019-09-26,118.800003,119.550003,118.190002,118.300003,112.260101,3986900,408
2019-09-27,119.209999,119.230003,117.75,118.449997,112.40242,3434700,409
2019-09-30,118.669998,119.440002,118.559998,118.68,112.620689,3401400,410
2019-10-01,118.849998,119.110001,117.720001,117.849998,111.833069,3729300,411
2019-10-02,117.400002,117.550003,115.610001,116.120003,110.191383,5944500,412
2019-10-03,115.879997,116.800003,114.580002,116.309998,110.371689,5206500,413
2019-10-04,116.400002,118.300003,116.190002,118.160004,112.127251,4627000,414
2019-10-07,118.099998,118.300003,116.879997,117.230003,111.244713,4695000,415
2019-10-08,116.809998,118.669998,116.660004,117.580002,111.576843,5125100,416
2019-10-09,118.18,119.300003,118.019997,118.93,112.857933,3903400,417
2019-10-10,118.900002,119.879997,118.599998,119.610001,113.503197,4341500,418
2019-10-11,119.919998,120.709999,118.720001,120.239998,114.101051,6127900,419
2019-10-14,119.849998,120.459999,119.099998,119.169998,113.08567,4573300,420
2019-10-15,119.330002,119.989998,118.870003,119.529999,113.427292,4516700,421
2019-10-16,119.309998,120.110001,119.099998,119.419998,113.322899,3781600,422
2019-10-17,119.669998,120.25,119.360001,119.839996,113.721451,3910900,423
2019-10-18,120.449997,120.599998,119.129997,119.139999,113.057182,5592300,424
2019-10-21,119.300003,119.830002,118.82,119.739998,113.626572,3410100,425
2019-10-22,119.75,120.169998,119.389999,119.580002,113.474739,2544700,426
2019-10-23,119.169998,119.849998,118.690002,119.349998,113.256477,2840000,427
2019-10-24,119.150002,119.57,118.510002,119.099998,113.019249,2900300,428
2019-10-25,119,119.330002,118.199997,119.040001,112.962311,2564300,429
2019-10-28,119.25,119.699997,118.529999,119.220001,113.13311,3404600,430
2019-10-29,118.5,118.730003,117.080002,117.150002,111.168808,4791100,431
2019-10-30,117.18,118.370003,117.050003,118.099998,112.070305,2996200,432
2019-10-31,117.93,118.279999,116.830002,117.260002,111.273178,4881300,433
2019-11-01,117.919998,117.970001,117.230003,117.620003,111.614799,3762600,434
2019-11-04,118.400002,119.110001,117.169998,117.57,111.567352,4646000,435
2019-11-05,117.68,119.139999,117.080002,118.860001,112.791489,4217100,436
2019-11-06,118.830002,119.620003,118.709999,119.5,113.398827,3614400,437
2019-11-07,120,120.919998,119.540001,120.230003,114.09156,4441400,438
2019-11-08,120.309998,120.879997,118.940002,119.440002,113.341888,3832700,439
2019-11-11,118.699997,119.629997,118.279999,119.040001,112.962311,4439000,440
2019-11-12,119.599998,120,118.809998,119.120003,113.038231,5063100,441
2019-11-13,119.160004,121.360001,118.660004,120.980003,114.803276,7711800,442
2019-11-14,124.599998,125.379997,119.510002,120.650002,114.490105,22504200,443
2019-11-15,120.68,121,118.379997,118.870003,112.800995,10137700,444
2019-11-18,118.449997,120.870003,118.239998,120.25,114.110519,6548000,445
2019-11-19,120.110001,120.360001,119.709999,119.889999,113.768913,3715400,446
2019-11-20,120.209999,120.480003,118.400002,119.129997,113.047714,5075900,447
2019-11-21,118.830002,120,118.669998,119.860001,113.740448,4302800,448
2019-11-22,120.150002,120.300003,119.269997,119.360001,113.265968,3843100,449
2019-11-25,120,120.019997,117.900002,118.919998,112.848427,5881500,450
2019-11-26,118.959999,119.300003,118.449997,119.190002,113.104652,6292500,451
2019-11-27,119.389999,119.800003,118.730003,118.760002,112.696602,3434100,452
2019-11-29,119.139999,119.970001,119,119.089996,113.009758,3157300,453
2019-12-02,119.150002,119.379997,117.839996,119.279999,113.190056,5670900,454
2019-12-03,118.400002,118.959999,117.769997,118.669998,112.611198,6594800,455
2019-12-04,119.120003,119.199997,118.300003,118.690002,112.63018,5556600,456
2019-12-05,118.360001,118.779999,117.419998,118.660004,113.106766,4352800,457
2019-12-06,119.080002,119.800003,118.919998,119.779999,114.174362,4340800,458
2019-12-09,119.57,119.860001,119.18,119.360001,113.774017,4816000,459
2019-12-10,119.349998,119.559998,119.019997,119.139999,113.564308,4282300,460
2019-12-11,119.400002,119.650002,118.529999,119,113.430878,3506400,461
2019-12-12,119,120.110001,118.68,119.760002,114.155304,4149000,462
2019-12-13,119.160004,120.650002,119.019997,120.290001,114.660492,5366300,463
2019-12-16,120.419998,121.349998,120.419998,120.540001,114.898796,5350700,464
2019-12-17,120.949997,121.699997,120.699997,121.279999,115.604164,4575800,465
2019-12-18,121.510002,121.68,119.839996,119.860001,114.250626,5103000,466
2019-12-19,119.940002,120.510002,119.779999,120.080002,114.460327,4464100,467
2019-12-20,121.480003,122.120003,120.019997,120.290001,114.660492,7954400,468
2019-12-23,120.199997,120.690002,119.010002,119.029999,113.459457,4485800,469
2019-12-24,119.129997,119.599998,119.010002,119.510002,113.916992,2227400,470
2019-12-26,119.610001,119.849998,118.949997,119.519997,113.926529,4223800,471
2019-12-27,119.940002,119.940002,119.25,119.589996,113.993248,3544000,472
2019-12-30,119.800003,119.809998,119.129997,119.400002,113.812141,2945800,473
2019-12-31,119.5,119.800003,118.190002,118.839996,113.278351,4912000,474
2020-01-02,118.860001,119.889999,118.699997,118.940002,113.373688,6764900,475
2020-01-03,118.269997,118.790001,117.589996,117.889999,112.37281,5399200,476
2020-01-06,117.400002,118.089996,116.769997,117.650002,112.144043,6445500,477
2020-01-07,117.260002,117.519997,116.199997,116.559998,111.105057,6846900,478
2020-01-08,116.300003,116.730003,115.68,116.160004,110.72377,5875800,479
2020-01-09,116.150002,117.370003,116.080002,117.360001,111.867622,5563700,480
2020-01-10,117.239998,117.339996,115.980003,116.379997,110.933487,6054800,481
2020-01-13,116.379997,116.550003,115.370003,115.879997,110.456871,6112600,482
2020-01-14,115.470001,116.209999,115.129997,116.18,110.742828,6585800,483
2020-01-15,114.629997,115.870003,114.519997,115.279999,109.884956,7454200,484
2020-01-16,115.5,115.93,115.279999,115.900002,110.475952,5369400,485
2020-01-17,116.050003,116.300003,114.639999,114.959999,109.579941,10045000,486
2020-01-21,114.589996,115.690002,114.519997,115.589996,110.180443,7353700,487
2020-01-22,115.220001,116.529999,115.18,116.099998,110.666588,4926100,488
2020-01-23,116.209999,116.309998,115.040001,115.809998,110.39016,4305100,489
2020-01-24,116,116.029999,114.150002,114.370003,109.017548,4383400,490
2020-01-27,113.190002,116.230003,112.68,115.860001,110.437813,7018400,491
2020-01-28,115.980003,116.900002,115.949997,116.599998,111.143181,5270200,492
2020-01-29,116.559998,117.120003,115.889999,115.889999,110.466408,3775500,493
2020-01-30,115.610001,116.720001,115.330002,116.580002,111.124115,4581500,494
2020-01-31,115.800003,116.260002,113.900002,114.489998,109.131927,7775800,495
2020-02-03,114.900002,115.389999,114.099998,114.269997,108.922203,4347100,496
2020-02-04,115.239998,116.239998,114.889999,115.269997,109.87542,5232200,497
2020-02-05,115.599998,116.949997,114.849998,116.809998,111.343346,5682900,498
2020-02-06,116.830002,117.230003,116.059998,116.309998,110.866753,5352900,499
2020-02-07,116.110001,116.760002,115.760002,116.449997,111.000191,3689600,500
2020-02-10,115.75,116.980003,115.050003,115.25,109.856361,6144900,501
2020-02-11,115.43,115.5,114.440002,115.400002,109.999336,5796800,502
2020-02-12,115.5,116.419998,115.410004,115.849998,110.428284,4735600,503
2020-02-13,115.849998,117.540001,115.580002,117.440002,111.943886,5333200,504
2020-02-14,117.669998,118.57,117.160004,117.889999,112.37281,8130600,505
2020-02-18,118.470001,119.949997,117.360001,119.629997,114.031364,11513200,506
2020-02-19,119.5,119.940002,117.68,117.68,112.17263,7187800,507
2020-02-20,117.209999,118.110001,116.860001,117.690002,112.182175,5022900,508
2020-02-21,117.440002,118.75,117.309998,118.580002,113.030518,6242100,509
2020-02-24,117.459999,118.459999,115.949997,116.32,110.876282,6616000,510
2020-02-25,116.349998,117.07,114.050003,114.389999,109.036591,7764300,511
2020-02-26,114.699997,115.169998,113.650002,113.779999,108.455147,6673300,512
2020-02-27,112.559998,114.07,110.349998,110.400002,105.23333,9492300,513
2020-02-28,107.690002,108.519997,104.370003,107.68,102.640648,17456400,514
2020-03-02,107.599998,116.400002,107.290001,115.879997,110.456871,17074200,515
2020-03-03,116.080002,117.529999,112.339996,112.910004,107.625885,11113600,516
2020-03-04,114.239998,116.839996,113.470001,116.769997,111.305214,8208400,517
2020-03-05,114.400002,117.25,113.910004,115.919998,110.495003,8546100,518
2020-03-06,113.870003,117.910004,113.010002,117.230003,111.743706,9803700,519
2020-03-09,113.82,120.629997,112.730003,117.160004,111.676971,19747800,520
2020-03-10,118.099998,120.68,114.919998,119.790001,114.183891,12599100,521
2020-03-11,117.510002,119.029999,112.800003,114.43,109.074738,10540000,522
2020-03-12,106.019997,111.489998,102.980003,104.050003,99.180511,18774400,523
2020-03-13,108.239998,114.589996,103.879997,114.099998,108.760178,14320700,524
2020-03-16,105.199997,111.330002,102,106.760002,101.76368,12251300,525
2020-03-17,112.769997,119.269997,110.459999,119.260002,113.678703,17602000,526
2020-03-18,115,128.080002,114.5,122.580002,116.843323,25785300,527
2020-03-19,124.459999,127,117.629997,119.449997,114.363609,19033500,528
2020-03-20,119.5,122.790001,111.889999,113.970001,109.116959,18474500,529
2020-03-23,114.169998,117.540001,112.209999,114.279999,109.413742,13122000,530
2020-03-24,115.870003,117.370003,111.309998,115.029999,110.131828,14235000,531
2020-03-25,112.970001,114,108.050003,109.400002,104.741554,17762500,532
2020-03-26,109.400002,110.870003,106.849998,109.82,105.143669,19416900,533
2020-03-27,110.110001,112.279999,108.599998,109.580002,104.913895,12053500,534
2020-03-30,111.860001,115.800003,110.940002,115.190002,110.285004,9737500,535
2020-03-31,114.309998,116.190002,112.639999,113.620003,108.781853,8752800,536
2020-04-01,112.150002,115.529999,111.800003,114.139999,109.279716,9423200,537
2020-04-02,113.18,119.110001,112.339996,118.650002,113.597679,9838500,538
2020-04-03,117.209999,119.910004,117.029999,119.480003,114.392319,9541700,539
2020-04-06,119.059998,126.389999,118.940002,126.07,120.701714,15922900,540
2020-04-07,123.980003,126.489998,121.639999,121.989998,116.795448,13789900,541
2020-04-08,123.690002,123.809998,120.589996,121.839996,116.651848,9292200,542
2020-04-09,118.220001,122.870003,117.660004,121.800003,116.613533,10942900,543
2020-04-13,121.269997,125.669998,121.169998,125.300003,119.9645,8064700,544
2020-04-14,127.099998,129.789993,126.040001,129,123.50695,11366300,545
2020-04-15,129,129.880005,127.120003,128.759995,123.277161,7478400,546
2020-04-16,129,132.919998,128.25,132.330002,126.695152,10627400,547
2020-04-17,131.479996,132.970001,129.729996,132.119995,126.494095,10305100,548
2020-04-20,132.389999,133.380005,129.759995,129.850006,124.320755,8133900,549
2020-04-21,130.070007,131.029999,128.160004,129.210007,123.708008,9300200,550
2020-04-22,130,132.380005,128.899994,131.589996,125.986641,6482700,551
2020-04-23,129.850006,131.089996,127.730003,128.529999,123.056969,9613300,552
2020-04-24,129.350006,129.889999,128.559998,129.440002,123.928207,5781200,553
2020-04-27,130,130.309998,128.169998,128.300003,122.836761,5974600,554
2020-04-28,128.279999,130.240005,127.699997,128,122.549538,6910700,555
2020-04-29,125.57,125.760002,122.550003,123.599998,118.336884,14870700,556
2020-04-30,123.080002,123.440002,121.040001,121.550003,116.374191,13499300,557
2020-05-01,121.480003,123.690002,120.779999,122.919998,117.685829,10381300,558
2020-05-04,123.839996,124.400002,121.709999,123.699997,118.432625,5935900,559
2020-05-05,123.800003,125.260002,123.260002,124.730003,119.41877,6445800,560
2020-05-06,125.209999,125.489998,122.849998,123.300003,118.04966,5769700,561
2020-05-07,123.459999,123.980003,121.5,121.889999,117.213043,9115200,562
2020-05-08,122.75,123.010002,121.620003,122.940002,118.222763,6943600,563
2020-05-11,123.040001,124.309998,123.010002,123.669998,118.924744,8447300,564
2020-05-12,124.480003,125.660004,123.779999,123.779999,119.030525,6366700,565
2020-05-13,123.5,126.239998,123.089996,123.709999,118.963219,9725100,566
2020-05-14,124.849998,125.129997,121.300003,123.419998,118.684334,7411000,567
2020-05-15,123.470001,125.940002,123.089996,125.940002,121.107651,10590000,568
2020-05-18,127.5,128.559998,126.099998,127.660004,122.761658,12877900,569
2020-05-19,131.75,131.990005,124.809998,124.949997,120.155632,24915400,570
2020-05-20,126.489998,126.589996,124.629997,125.449997,120.636444,10748800,571
2020-05-21,124.889999,126.139999,124.25,124.989998,120.194099,7482700,572
2020-05-22,125.099998,125.349998,123.769997,124.330002,119.559433,7453200,573
2020-05-26,124.339996,125.510002,123.629997,123.860001,119.10746,7910200,574
2020-05-27,123.970001,124.489998,121.029999,122.480003,117.780411,10357900,575
2020-05-28,123.720001,124.949997,123.160004,123.690002,118.943985,8141600,576
2020-05-29,124.239998,124.709999,121.93,124.059998,119.299782,9770400,577
2020-06-01,123.440002,124.410004,122.360001,123.959999,119.203621,6850100,578
2020-06-02,123.589996,124.150002,122.809998,123.940002,119.184395,6395900,579
2020-06-03,123.900002,123.989998,122.660004,123.470001,118.73243,6754300,580
2020-06-04,122.800003,123.889999,121.82,122.110001,117.424606,8005000,581
2020-06-05,122.57,122.68,119.910004,121.559998,116.895706,13112400,582
2020-06-08,119.580002,121.239998,119.459999,121.239998,116.58799,9448100,583
2020-06-09,121.599998,122,120.559998,121.349998,116.693779,6915400,584
2020-06-10,121.559998,122.5,121.129997,121.160004,116.511047,9380500,585
2020-06-11,120.989998,122.580002,119.480003,120.089996,115.482109,11387600,586
2020-06-12,120.510002,120.75,117.059998,117.739998,113.222282,10786400,587
2020-06-15,118.400002,118.68,117.010002,118.080002,113.54924,10901100,588
2020-06-16,119.800003,120.230003,118.540001,119.650002,115.059006,8389200,589
2020-06-17,119.860001,120.129997,118.400002,119.029999,114.462784,6722300,590
2020-06-18,118.540001,119.059998,117.660004,117.989998,113.462685,6690000,591
2020-06-19,118.889999,120.300003,117.75,119.849998,115.25132,13359600,592
2020-06-22,120.970001,122.089996,120.400002,121.68,117.011101,9112800,593
2020-06-23,122.75,122.849998,120.959999,121.07,116.424507,6575900,594
2020-06-24,120.739998,121.120003,119.580002,120.300003,115.684052,6871600,595
2020-06-25,119.760002,120.160004,118.379997,119.709999,115.116707,6856600,596
2020-06-26,119.599998,120.839996,118.019997,118.32,113.780037,8997200,597
2020-06-29,118.5,119.68,118.220001,119.059998,114.491638,5503800,598
2020-06-30,119.220001,120.129997,118.540001,119.779999,115.183998,6836400,599
2020-07-01,119.449997,119.919998,118.660004,119.690002,115.097466,6577900,600
2020-07-02,120.089996,120.879997,118.860001,119.209999,114.63588,5898600,601
2020-07-06,119.800003,119.870003,118.220001,118.889999,114.328148,7231700,602
2020-07-07,118.449997,127.550003,118.220001,126.949997,122.078896,31152700,603
2020-07-08,128,128.130005,124.400002,124.440002,119.665207,17405700,604
2020-07-09,125.610001,128.179993,124.949997,127.75,122.848206,14257200,605
2020-07-10,128.740005,131.369995,127.260002,130.679993,125.665779,14745600,606
2020-07-13,131.330002,133.630005,128.889999,129.520004,124.550285,14112800,607
2020-07-14,129.279999,132.5,129.029999,132.009995,126.944725,8818600,608
2020-07-15,132.270004,134.130005,130.800003,132,126.93512,10577100,609
2020-07-16,132.050003,132.729996,131.240005,132.199997,127.127457,5892200,610
2020-07-17,133.369995,133.369995,131.470001,131.740005,126.685127,6063200,611
2020-07-20,131.960007,132.740005,131.139999,131.470001,126.425446,6114200,612
2020-07-21,131.559998,133.990005,131.449997,132.330002,127.252464,7237500,613
2020-07-22,132.570007,133.029999,131.190002,132.660004,127.569771,5388200,614
2020-07-23,133,133.149994,131.309998,131.639999,126.588921,5598800,615
2020-07-24,130.949997,132.399994,130.509995,131.240005,126.204277,4345800,616
2020-07-27,130.860001,131.979996,130.860001,131.210007,126.175438,4681900,617
2020-07-28,131.5,132.380005,130.919998,131.759995,126.70433,4804700,618
2020-07-29,131.559998,131.860001,129.850006,130.690002,125.675407,4741100,619
2020-07-30,129.419998,130.419998,128.720001,130.119995,125.127266,4596100,620
2020-07-31,129.649994,130.089996,127.620003,129.399994,124.434883,7210500,621
2020-08-03,129.910004,130.119995,128.270004,129.300003,124.338722,4990500,622
2020-08-04,129.649994,131.710007,128.940002,131.639999,126.588921,6073200,623
2020-08-05,130.449997,130.75,128.830002,129.809998,124.829147,8494500,624
2020-08-06,129.130005,130.229996,129.029999,129.350006,124.38681,4832100,625
2020-08-07,129.580002,130.460007,129.110001,129.970001,124.983025,5519500,626
2020-08-10,130.240005,132.339996,129.649994,131.880005,126.819733,5894400,627
2020-08-11,132.589996,132.869995,129.729996,130.199997,125.204178,8453400,628
2020-08-12,130.470001,132.229996,129.080002,131.889999,126.82933,6364800,629
2020-08-13,131.210007,131.960007,130.729996,131.850006,127.312141,6622400,630
2020-08-14,132.339996,132.970001,131.630005,132.600006,128.036346,6702100,631
2020-08-17,134.350006,136.130005,133.850006,135.600006,130.933075,13155000,632
2020-08-18,136.169998,137.630005,133.169998,134.710007,130.073715,26744200,633
2020-08-19,134.210007,134.660004,131.850006,132.410004,127.852867,12718400,634
2020-08-20,131.210007,132.070007,130.050003,130.570007,126.076187,8936900,635
2020-08-21,130.550003,132.669998,130.100006,131.630005,127.099693,8288000,636
2020-08-24,132.25,132.479996,130.330002,131.330002,126.810051,6604600,637
2020-08-25,130.800003,131.240005,129.669998,130.630005,126.13414,7240800,638
2020-08-26,130.210007,130.880005,129.699997,130.699997,126.201721,6271600,639
2020-08-27,131.080002,139.350006,130.899994,136.630005,131.927628,39672900,640
2020-08-28,141,141.070007,137.839996,140.300003,135.471313,21350300,641
2020-08-31,137.479996,138.889999,135.529999,138.850006,134.071213,15078800,642
2020-09-01,141.199997,149.589996,140.050003,147.589996,142.510422,35599400,643
2020-09-02,151.25,151.330002,145.610001,147.679993,142.597305,17222000,644
2020-09-03,146.699997,149.600006,141.809998,144.539993,139.565384,16005000,645
2020-09-04,144.020004,145.039993,140.100006,142.830002,137.914246,11327400,646
2020-09-08,141.410004,141.899994,138.259995,138.449997,133.684952,11322300,647
2020-09-09,140.089996,142.610001,139.449997,139.889999,135.075424,11223000,648
2020-09-10,140.059998,140.539993,136.589996,136.809998,132.10141,11236400,649
2020-09-11,137.050003,138.440002,135.550003,136.699997,131.995209,9626600,650
2020-09-14,136.139999,141.100006,135.880005,137.320007,132.593887,15244600,651
2020-09-15,138.229996,139.080002,136.679993,137.360001,132.632492,10142600,652
2020-09-16,138.410004,138.679993,136.050003,136.259995,131.570343,9286800,653
2020-09-17,135.429993,137.570007,135.020004,136.690002,131.98558,12415000,654
2020-09-18,136.440002,137.529999,134.75,135.289993,130.633713,18236400,655
2020-09-21,136.5,137.240005,135.289993,137.070007,132.352493,15758500,656
2020-09-22,137.070007,138.990005,136.570007,138.309998,133.549805,11034000,657
2020-09-23,139,139.240005,135.820007,135.990005,131.309662,7711100,658
2020-09-24,135.729996,137.789993,135.070007,136.699997,131.995209,9817700,659
2020-09-25,136.520004,137.539993,135.960007,137.270004,132.545593,7539600,660
2020-09-28,137.160004,138.050003,136.720001,137.25,132.526276,7065700,661
2020-09-29,137.25,138.139999,136.389999,137.139999,132.42009,9234300,662
2020-09-30,137.389999,141.740005,137.199997,139.910004,135.094742,11608800,663
2020-10-01,140.800003,144.380005,140.259995,143.080002,138.155655,14430300,664
2020-10-02,142.339996,143.100006,140.130005,140.5,135.664413,8195000,665
2020-10-05,141.289993,142.190002,141.070007,141.800003,136.919693,4753000,666
2020-10-06,141.869995,142.940002,140.25,140.630005,135.789963,7158500,667
2020-10-07,141.259995,141.550003,140.25,140.889999,136.041016,5649700,668
2020-10-08,141.509995,142.089996,141.119995,141.360001,136.494827,4892300,669
2020-10-09,141.660004,143.339996,141.559998,142.779999,137.865952,4831600,670
2020-10-12,143.020004,145.389999,143.020004,144.25,139.285355,6134100,671
2020-10-13,144.679993,146.600006,144.360001,146.229996,141.197205,7933400,672
2020-10-14,146.399994,146.529999,143.759995,143.940002,138.986038,6570300,673
2020-10-15,143.089996,144.960007,142.839996,144.529999,139.555725,4564200,674
2020-10-16,145.399994,146.149994,144.470001,144.710007,139.729553,5645000,675
2020-10-19,145.100006,145.369995,142.75,142.949997,138.030121,4881100,676
2020-10-20,144.110001,145.529999,143.619995,143.899994,138.947403,4841000,677
2020-10-21,143.839996,145.729996,143.839996,144.399994,139.430191,4371400,678
2020-10-22,144.190002,144.559998,142.690002,143.550003,138.609482,4448000,679
2020-10-23,143.970001,144.139999,142.850006,143.850006,138.899155,3513500,680
2020-10-26,142.839996,143.119995,140.940002,142.160004,137.267319,5370600,681
2020-10-27,142.050003,143.699997,141.970001,142.869995,137.95285,3943700,682
2020-10-28,140.960007,142.130005,139.880005,140.039993,135.220245,5616400,683
2020-10-29,140,141.110001,138.699997,139.919998,135.104385,5051300,684
2020-10-30,139.179993,140.089996,137.369995,138.75,133.974655,6200600,685
2020-11-02,140.589996,140.809998,139.029999,140.399994,135.567886,5525200,686
2020-11-03,141.649994,144.160004,141.570007,142.779999,137.865952,5137700,687
2020-11-04,141.570007,144.389999,141.339996,141.960007,137.074188,5975800,688
2020-11-05,144,144.229996,142.940002,143.470001,138.532196,4734200,689
2020-11-06,144.360001,146.220001,143.550003,145.770004,140.753067,5399500,690
2020-11-09,148,148.199997,143.479996,143.539993,138.599792,9399500,691
2020-11-10,143.75,146.440002,143.529999,145.559998,140.550293,6066400,692
2020-11-11,146.919998,148.960007,146.399994,147.979996,142.886963,6268600,693
2020-11-12,148.479996,148.710007,147.100006,148.229996,143.128387,4188100,694
2020-11-13,148.940002,150.940002,147.520004,150.539993,145.358871,6579400,695
2020-11-16,150.529999,153.399994,149.279999,152.440002,147.193497,11520100,696
2020-11-17,150.5,153.240005,149.179993,149.369995,144.229156,14237200,697
2020-11-18,149.860001,151.669998,149.050003,149.089996,143.958771,8312300,698
2020-11-19,149.460007,152.449997,149.320007,152.119995,146.884506,6196900,699
2020-11-20,151.169998,152.759995,149.809998,150.240005,145.069229,7312400,700
2020-11-23,150.369995,151.399994,149.369995,150.929993,145.735458,6185700,701
2020-11-24,151.740005,151.979996,150.270004,151.360001,146.150665,5718400,702
2020-11-25,151.25,152.389999,151.210007,151.830002,146.604477,4611100,703
2020-11-27,152.149994,152.720001,151.100006,151.600006,146.382416,3666500,704
2020-11-30,151.600006,152.949997,150.100006,152.789993,147.531418,10898500,705
2020-12-01,153.600006,153.660004,151.660004,152.639999,147.386597,7645100,706
2020-12-02,152,152.619995,149.529999,150.520004,145.339584,7849000,707
2020-12-03,150.279999,150.279999,148.389999,149.300003,144.16156,8575300,708
2020-12-04,149.509995,149.509995,147.580002,148.910004,143.784988,6963100,709
2020-12-07,148.460007,148.990005,147.160004,148.110001,143.012512,6159700,710
2020-12-08,147.360001,149.850006,147.179993,149.449997,144.306396,6905500,711
2020-12-09,150,150,147.889999,148.270004,143.167007,6713200,712
2020-12-10,147.75,148.149994,146.570007,147.039993,142.498322,6884100,713
2020-12-11,146.919998,147.509995,145.940002,147,142.459579,5620300,714
2020-12-14,147.699997,147.720001,145.399994,145.649994,141.15126,8362700,715
2020-12-15,145.520004,146.360001,144.860001,145.580002,141.08342,10623800,716
2020-12-16,146.240005,146.889999,145.080002,145.429993,140.938065,8550300,717
2020-12-17,146.059998,146.440002,145.149994,146.100006,141.587372,10226500,718
2020-12-18,146.619995,147.179993,145.160004,145.949997,141.441986,13794700,719
2020-12-21,145.5,146.669998,145.059998,145.970001,141.46138,8517700,720
2020-12-22,145.149994,146.229996,143.139999,144.199997,139.746033,12533000,721
2020-12-23,143.539993,144.220001,142.300003,143.220001,138.796326,6810200,722
2020-12-24,143.539993,144.389999,143.179993,143.5,139.067673,3018200,723
2020-12-28,144.039993,145.300003,143.330002,145.220001,140.734543,6448300,724
2020-12-29,145.639999,145.850006,143.589996,144.300003,139.842957,5979400,725
2020-12-30,144.880005,145.149994,143.940002,144.179993,139.726654,6250400,726
2020-12-31,144.199997,144.270004,142.850006,144.149994,139.697586,5938000,727
2021-01-04,144.300003,146.889999,144.279999,146.529999,142.004074,10727400,728
2021-01-05,146.600006,147.070007,144.490005,145.75,141.248169,8832700,729
2021-01-06,145.089996,148.100006,145.009995,146.660004,142.130066,7306300,730
2021-01-07,147.619995,147.759995,146.039993,146.649994,142.120361,6846000,731
2021-01-08,146.880005,147,145.809998,146.630005,142.100983,8159400,732
2021-01-11,146,147.990005,146,147.289993,142.740601,8754800,733
2021-01-12,149,149.929993,148.320007,148.970001,144.368729,7791100,734
2021-01-13,148.75,149.070007,147.429993,147.449997,142.89566,5356500,735
2021-01-14,147.820007,148,146.039993,146.970001,142.430481,7672400,736
2021-01-15,145.139999,145.899994,143.669998,144.639999,140.17244,11973500,737
2021-01-19,144.639999,145.070007,142.669998,143.389999,138.961075,8041200,738
2021-01-20,143.589996,145.660004,142.889999,145.509995,141.015594,7925200,739
2021-01-21,145.360001,145.729996,144.210007,144.850006,140.375961,4775300,740
2021-01-22,145.600006,147.339996,145.119995,146.330002,141.810272,6406500,741
2021-01-25,145.360001,146.25,144.270004,146.199997,141.684296,6343700,742
2021-01-26,145.630005,147.809998,145.470001,147.509995,142.953812,5010500,743
2021-01-27,146.960007,147.860001,143.550003,143.839996,139.397156,9970100,744
2021-01-28,144.460007,146.259995,143.630005,143.75,139.309967,7433900,745
2021-01-29,143.179993,143.75,140.350006,140.490005,136.15065,10836400,746
2021-02-01,140.910004,141.490005,139.190002,139.270004,134.968292,8648400,747
2021-02-02,139.759995,142.149994,139.440002,140.770004,136.421997,9000800,748
2021-02-03,140.660004,142.050003,140.630005,141.199997,136.838699,4988900,749
2021-02-04,141.789993,143.179993,141.259995,142.529999,138.12764,5782100,750
2021-02-05,143.460007,144.850006,142.529999,144.360001,139.901108,6817200,751
2021-02-08,144.809998,145.580002,144.460007,145.029999,140.550415,5275100,752
2021-02-09,144.580002,146.320007,144.580002,145.830002,141.325699,5302300,753
2021-02-10,145.830002,145.899994,143.539993,144.130005,139.678207,6192300,754
2021-02-11,144.139999,144.949997,143.710007,144.020004,139.571594,4263800,755
2021-02-12,144.160004,144.610001,143.669998,144.470001,140.00769,4474500,756
2021-02-16,145.940002,146.389999,144.929993,145.660004,141.16095,9297000,757
2021-02-17,144.649994,147.5,144.5,147.199997,142.653381,8523700,758
2021-02-18,139,140.699997,137.5,137.660004,133.408051,32309100,759
2021-02-19,137.800003,139.419998,137.669998,138.339996,134.067047,12202000,760
2021-02-22,137.740005,138.339996,136.25,137.690002,133.437134,10702200,761
2021-02-23,137.110001,137.389999,135.059998,135.470001,131.28569,10433400,762
2021-02-24,135.869995,136.160004,133.050003,133.210007,129.09549,15521900,763
2021-02-25,133.100006,134.009995,131.479996,131.949997,127.874405,11108200,764
2021-02-26,131.479996,131.809998,129.860001,129.919998,125.90712,14156900,765
2021-03-01,131.580002,132.570007,131.130005,131.369995,127.312325,11544800,766
2021-03-02,131.509995,132.75,130.009995,130.110001,126.091255,9743600,767
2021-03-03,129.5,129.929993,127.550003,127.589996,123.649078,13945800,768
2021-03-04,127.860001,129.580002,126.279999,127.529999,123.590942,15116000,769
2021-03-05,126.830002,129.75,126.75,129.119995,125.131821,11357900,770
2021-03-08,129.330002,129.839996,127.809998,127.879997,123.93013,13662800,771
2021-03-09,128.800003,129.880005,128.320007,128.889999,124.908928,10662900,772
2021-03-10,128.860001,133.050003,128.470001,132.179993,128.097321,14976400,773
2021-03-11,133.360001,133.490005,131.529999,132.130005,128.048859,11829900,774
2021-03-12,132.520004,134.520004,132.080002,134.119995,129.977371,9479200,775
2021-03-15,134.740005,134.75,132.820007,133.429993,129.308685,8357300,776
2021-03-16,132.820007,134.279999,132.820007,133.389999,129.269943,6627000,777
2021-03-17,132.5,133.139999,131.979996,132.279999,128.194229,8052100,778
2021-03-18,131.160004,131.949997,129.929993,130.009995,126.520386,9938500,779
2021-03-19,130.130005,132.5,129.899994,131.740005,128.203949,19234500,780
2021-03-22,131,132.449997,130.990005,132.369995,128.817017,8218000,781
2021-03-23,131.710007,134.300003,131.630005,133.940002,130.344894,9718300,782
2021-03-24,134.429993,134.429993,133.050003,133.110001,129.537186,7849100,783
2021-03-25,133.259995,134.529999,132.869995,134.009995,130.41304,9375300,784
2021-03-26,134,135.199997,133.419998,135.130005,131.502975,9551200,785
2021-03-29,135,137.009995,134.600006,136.669998,133.001633,10048800,786
2021-03-30,136.330002,137.589996,135.470001,135.740005,132.096573,9076700,787
2021-03-31,135.550003,136.860001,134.960007,135.830002,132.184189,8182000,788
2021-04-01,135.940002,136.889999,135.330002,135.619995,131.979797,8531700,789
2021-04-05,136.720001,140.160004,136.199997,139.429993,135.687531,13347700,790
2021-04-06,139.110001,140.949997,138.520004,140.100006,136.339569,10348200,791
2021-04-07,140.300003,140.75,139.649994,139.800003,136.047607,6787200,792
2021-04-08,140.449997,141.119995,139.660004,139.710007,135.960022,6365200,793
2021-04-09,139.630005,140.089996,138.710007,139.779999,136.028122,6892200,794
2021-04-12,140.070007,140.380005,139.339996,139.800003,136.047607,6241000,795
2021-04-13,139.800003,140,138.869995,139.369995,135.62915,5799300,796
2021-04-14,139.119995,139.460007,138.419998,139.320007,135.580521,7308200,797
2021-04-15,139.399994,140.470001,139.199997,140.160004,136.397964,7236800,798
2021-04-16,140.889999,140.960007,139.710007,140.610001,136.835892,8829500,799
2021-04-19,140.289993,140.570007,139.610001,139.710007,135.960022,6427000,800
2021-04-20,139.419998,141.770004,138.820007,140.789993,137.011032,8150700,801
2021-04-21,140.770004,141.699997,140.529999,141.199997,137.410034,5778400,802
2021-04-22,141.080002,141.449997,139.419998,139.669998,135.921097,6568400,803
2021-04-23,139.100006,140.339996,139.029999,139.899994,136.144928,7657000,804
2021-04-26,139.910004,140,137.639999,137.910004,134.208359,7615400,805
2021-04-27,138,138.949997,137.550003,138.380005,134.665741,5383800,806
2021-04-28,138.350006,138.589996,137.869995,137.889999,134.188904,4762200,807
2021-04-29,137.899994,140,137.899994,139.630005,135.882187,6532000,808
2021-04-30,139.710007,139.990005,139.110001,139.910004,136.154648,6560000,809
2021-05-03,139.679993,142.740005,139.679993,142.119995,138.305313,9046500,810
2021-05-04,141.539993,142.029999,140.100006,140.720001,136.942947,6361400,811
2021-05-05,140.710007,141.199997,140.25,140.600006,136.826126,6117000,812
2021-05-06,140,141.360001,139.449997,141.050003,137.803131,5434000,813
2021-05-07,141.630005,141.720001,139.320007,140.199997,136.972687,7802800,814
2021-05-10,140.449997,142.080002,140.309998,140.820007,137.57843,8769200,815
2021-05-11,140.869995,140.869995,138.320007,139.550003,136.337662,8821400,816
2021-05-12,138.869995,138.979996,135.910004,135.940002,132.81073,8666100,817
2021-05-13,136.229996,138.979996,135.759995,138.240005,135.057816,7158400,818
2021-05-14,138.809998,140.240005,138.429993,139.520004,136.308334,5363900,819
2021-05-17,140,140.399994,138.770004,138.889999,135.692841,6558600,820
2021-05-18,143.509995,144.580002,141.210007,141.910004,138.643341,19394600,821
2021-05-19,140.710007,143.720001,140.5,141.919998,138.653076,11624900,822
2021-05-20,141.5,142.869995,140.699997,142.419998,139.141571,10180300,823
2021-05-21,142.520004,143.080002,141.600006,141.75,138.486984,7642500,824
2021-05-24,141.759995,142.419998,141.360001,141.759995,138.496796,6315300,825
2021-05-25,141.800003,142.639999,141.070007,142.339996,139.063416,7168400,826
2021-05-26,142.389999,142.880005,141.759995,142.169998,138.897324,6431400,827
2021-05-27,143.350006,143.679993,141.690002,141.690002,138.428391,18859000,828
2021-05-28,141.929993,142.449997,141.639999,142.029999,138.760544,7062100,829
2021-06-01,142.210007,142.800003,141.270004,141.660004,138.399078,6922500,830
2021-06-02,141.389999,141.710007,140.089996,141.350006,138.096207,7766000,831
2021-06-03,141.389999,141.850006,140.75,141.600006,138.340454,6124800,832
2021-06-04,141.460007,142.289993,141.25,141.850006,138.584717,4545300,833
2021-06-07,141.850006,141.970001,140.389999,140.899994,137.656555,5543600,834
2021-06-08,140.509995,140.899994,139.809998,139.830002,136.611191,6706900,835
2021-06-09,139.339996,140.009995,139.029999,139.080002,135.878479,5695100,836
2021-06-10,139.080002,140.190002,139.080002,139.880005,136.660065,5459500,837
2021-06-11,140.229996,140.850006,139.860001,140.75,137.51001,8410800,838
2021-06-14,140.929993,140.929993,140.029999,140.559998,137.324387,5046900,839
2021-06-15,140.839996,140.910004,139.660004,140,136.777283,6442400,840
2021-06-16,139.850006,140.039993,136.970001,137.149994,133.992889,9598300,841
2021-06-17,137,138.350006,136.710007,137.720001,134.549774,6447300,842
2021-06-18,135.440002,136.389999,134.399994,135.169998,132.058472,14937600,843
2021-06-21,135.660004,136.75,135.350006,136.399994,133.260162,6925000,844
2021-06-22,136.229996,137.720001,136.229996,137.029999,133.875656,6369000,845
2021-06-23,136.5,136.990005,135.929993,135.960007,132.830292,6463500,846
2021-06-24,136.169998,137.240005,136.100006,136.910004,133.758408,7814700,847
2021-06-25,137.130005,138.860001,136.919998,138.529999,135.341125,9546900,848
2021-06-28,138.039993,138.639999,136.600006,138.100006,134.921021,5183000,849
2021-06-29,137.899994,138.470001,137.229996,137.300003,134.139435,11987500,850
2021-06-30,139.559998,142.580002,138.690002,141.020004,137.773819,15170400,851
2021-07-01,140.410004,141.25,139.009995,139.320007,136.112961,8782900,852
2021-07-02,139.350006,141.080002,139.350006,140.110001,136.88475,8760200,853
2021-07-06,139.899994,140.75,139.509995,139.940002,136.718689,6093100,854
2021-07-07,139.759995,141.190002,139.360001,139.710007,136.493958,8535800,855
2021-07-08,138.339996,140.649994,138.220001,139.589996,136.37674,7089000,856
2021-07-09,140.410004,140.839996,139.929993,140.300003,137.070404,5061800,857
2021-07-12,140.690002,140.789993,139.330002,140.050003,136.826141,6505000,858
2021-07-13,139.990005,141.179993,139.940002,140.580002,137.343933,6315900,859
2021-07-14,140.710007,141.800003,139.830002,141.550003,138.291595,6270700,860
2021-07-15,142,142.639999,141.089996,141.660004,138.399078,5991600,861
2021-07-16,141.699997,142.130005,140.949997,141.559998,138.301392,6031800,862
2021-07-19,141.410004,142.979996,139.770004,141.229996,137.978973,9127700,863
2021-07-20,140.970001,142.470001,140.779999,141.869995,138.604248,6340100,864
2021-07-21,142.5,142.539993,140.710007,141.169998,137.920349,6197300,865
2021-07-22,141.130005,142.119995,140.800003,141.270004,138.018051,4337800,866
2021-07-23,141.520004,142.720001,141.009995,142.429993,139.151337,5315800,867
2021-07-26,142.360001,143.860001,141.460007,142.630005,139.346771,6172400,868
2021-07-27,143,143,141.960007,142.639999,139.356506,5131900,869
2021-07-28,142.479996,143.25,141.660004,142.059998,138.789871,4690500,870
2021-07-29,142.639999,142.850006,142.020004,142.240005,138.965744,3687700,871
2021-07-30,141.199997,142.960007,141.199997,142.550003,139.268585,5444100,872
2021-08-02,142.830002,142.869995,141.669998,142.220001,138.946182,6652800,873
2021-08-03,142.440002,143.899994,142.360001,143.820007,140.509369,6305100,874
2021-08-04,143.380005,143.940002,142.740005,142.839996,139.551895,5100500,875
2021-08-05,144.229996,145.539993,143.990005,145.490005,142.1409,9001800,876
2021-08-06,146.210007,146.470001,144.949997,145.229996,141.886902,6421200,877
2021-08-09,145.910004,146.479996,145.399994,145.580002,142.228851,5270600,878
2021-08-10,146.970001,148.949997,146.25,148.679993,145.257477,12754000,879
2021-08-11,149.509995,151.580002,149.160004,150.009995,146.556854,13818600,880
2021-08-12,149,150.210007,148.809998,149.059998,146.164642,6089700,881
2021-08-13,149.380005,150.360001,149.160004,149.529999,146.625504,5327100,882
2021-08-16,149.679993,151.729996,149.039993,150.75,147.821808,15930500,883
2021-08-17,150.399994,152.5,149.100006,150.699997,147.772781,16983400,884
2021-08-18,150.550003,152.570007,149.020004,149.100006,146.203857,9403900,885
2021-08-19,148.330002,150.660004,148,150.110001,147.194244,7543500,886
2021-08-20,150.479996,151.720001,149.75,151.449997,148.508209,6466800,887
2021-08-23,151.529999,151.789993,150.410004,150.449997,147.527634,5388700,888
2021-08-24,150.5,150.5,148.699997,148.899994,146.007736,6276300,889
2021-08-25,148.410004,149.279999,148.029999,148.960007,146.066589,7307100,890
2021-08-26,147.470001,148.270004,146.669998,147.350006,144.487869,7822300,891
2021-08-27,147.509995,147.690002,146.179993,146.520004,143.673965,7696200,892
2021-08-30,146.419998,148,146.020004,147.699997,144.831039,5480200,893
2021-08-31,147.990005,148.440002,147.240005,148.100006,145.223297,8359500,894
2021-09-01,147.559998,147.929993,146.570007,147.779999,144.909485,6352200,895
2021-09-02,148.119995,148.789993,147.690002,148.559998,145.674347,6672700,896
2021-09-03,148.199997,149.649994,147.899994,149.25,146.350937,5737300,897
2021-09-07,148.970001,149.169998,147.059998,147.270004,144.409424,8448400,898
2021-09-08,146.949997,148.320007,146.729996,147.460007,144.595718,6502800,899
2021-09-09,147.460007,147.610001,145.839996,146.419998,143.575912,7442900,900
2021-09-10,147.199997,147.240005,145.429993,145.889999,143.056198,5258400,901
2021-09-13,146.520004,147.149994,144.639999,145.059998,142.242325,6509800,902
2021-09-14,145.479996,145.880005,143.919998,144.300003,141.497086,5511300,903
2021-09-15,144.070007,144.75,143.789993,144.550003,141.742233,4950000,904
2021-09-16,144.440002,145.309998,143.690002,145.029999,142.212921,6142800,905
2021-09-17,144.139999,146.160004,144.020004,144.729996,141.918747,24344200,906
2021-09-20,143.5,145.190002,141.619995,142.740005,139.967407,8351500,907
2021-09-21,142.699997,144.580002,142.669998,143.020004,140.241959,5812500,908
2021-09-22,143.470001,143.600006,142.289993,142.690002,139.918365,5014800,909
2021-09-23,143.220001,143.630005,142.449997,142.770004,139.996811,5195100,910
2021-09-24,142.5,143.690002,142.490005,143.169998,140.389023,4453500,911
2021-09-27,142.869995,143.550003,141.839996,142.25,139.486908,7083600,912
2021-09-28,141.880005,142.070007,139.990005,140.5,137.77092,6860300,913
2021-09-29,140.649994,141.830002,140.320007,140.440002,137.712082,7125200,914
2021-09-30,140.639999,141.729996,139.25,139.380005,136.672668,7485900,915
2021-10-01,139.259995,139.630005,135.919998,137.050003,134.387924,10004800,916
2021-10-04,137.089996,138.229996,134.710007,135.729996,133.093552,9990100,917
2021-10-05,135.949997,137.710007,135.899994,136.619995,133.966263,6865800,918
2021-10-06,136.240005,137.789993,136.130005,137.619995,134.946854,6458900,919
2021-10-07,138.779999,140.699997,138.759995,139.240005,136.53537,7022700,920
2021-10-08,139.660004,140.089996,139.009995,139.660004,136.94722,4615800,921
2021-10-11,139.520004,140.779999,139.440002,139.529999,136.819748,4349400,922
2021-10-12,139.339996,140.410004,139.070007,139.380005,136.672668,5263100,923
2021-10-13,139.5,140.009995,138.130005,138.369995,135.682251,5979300,924
2021-10-14,138.5,140.070007,138.5,139.869995,137.153137,6594500,925
2021-10-15,140.619995,141.100006,139.960007,140.550003,137.819946,6912400,926
2021-10-18,140,142.009995,139.830002,141.679993,138.927963,6629000,927
2021-10-19,144.630005,145.610001,143.660004,144.690002,141.879532,11148100,928
2021-10-20,144.889999,146.490005,144.889999,146,143.164063,5817900,929
2021-10-21,146.580002,146.919998,145.809998,146.809998,143.958359,4651500,930
2021-10-22,147.100006,149.690002,147.100006,148.339996,145.458603,7065200,931
2021-10-25,148.779999,150.520004,148.009995,150.059998,147.145203,6429300,932
2021-10-26,150,150.550003,148.460007,148.75,145.860657,5806200,933
2021-10-27,148.960007,149.020004,147.389999,147.529999,144.664352,4855200,934
2021-10-28,148.339996,148.979996,147.710007,148.449997,145.566483,4199500,935
2021-10-29,147.910004,150.100006,147.559998,149.419998,146.517639,7340900,936
2021-11-01,149.979996,150.75,149.350006,149.789993,146.880447,4183200,937
2021-11-02,149.970001,150.179993,149.279999,149.720001,146.811813,4546300,938
2021-11-03,149.600006,150.289993,149.029999,150.179993,147.262848,4736500,939
2021-11-04,150.179993,151.850006,149.830002,151.279999,148.341522,5049700,940
2021-11-05,152,152,149.619995,150.229996,147.31189,5027300,941
2021-11-08,150.220001,150.509995,148.729996,149.270004,146.370544,5124400,942
2021-11-09,149.520004,149.869995,148.869995,149.789993,146.880447,5000600,943
2021-11-10,148.729996,149.619995,147.979996,148.440002,145.556671,5601200,944
2021-11-11,148.770004,148.990005,148.190002,148.5,145.615524,4534400,945
2021-11-12,149,149.240005,147.539993,147.759995,144.889877,6104600,946
2021-11-15,148.149994,148.449997,146.399994,146.910004,144.056412,9632000,947
2021-11-16,145.100006,146.679993,142.300003,143.169998,140.389023,24662200,948
2021-11-17,143.160004,144.720001,141.820007,141.940002,139.182922,11038700,949
2021-11-18,142.139999,143.289993,140.860001,143.160004,140.379242,8131400,950
2021-11-19,143.619995,144,141.940002,142.389999,139.624207,9373100,951
2021-11-22,142.660004,145.360001,142,144.779999,141.967758,9708800,952
2021-11-23,144.25,145.979996,143.25,145.809998,142.977753,9969300,953
2021-11-24,145.729996,147.059998,145.639999,146.539993,143.693573,6029800,954
2021-11-26,146.440002,147.880005,144.419998,144.899994,142.085419,7013200,955
2021-11-29,145,145.25,142.229996,142.630005,139.859543,11013200,956
2021-11-30,141.479996,142.5,140.009995,140.630005,137.898376,21606300,957
2021-12-01,140.509995,140.720001,137.039993,137.139999,134.476166,12207100,958
2021-12-02,137.630005,138.440002,135.240005,135.470001,132.838608,13268600,959
2021-12-03,135.860001,137.880005,135.289993,137.509995,134.838989,14714200,960
2021-12-06,137.559998,139.360001,137.100006,139,136.300034,10863100,961
2021-12-07,139.600006,139.830002,138.089996,138.550003,135.85878,12579700,962
2021-12-08,138.059998,138.5,136.009995,137.149994,134.485962,11498800,963
2021-12-09,136.630005,138.570007,135.710007,138.5,136.356567,10783900,964
2021-12-10,138.339996,141.300003,137.570007,141.029999,138.847397,12858500,965
2021-12-13,140.240005,143.75,140.009995,143.570007,141.348114,18013100,966
2021-12-14,143.300003,145.279999,142.149994,144.940002,142.696915,15573800,967
2021-12-15,145.210007,146.470001,143.399994,145.770004,143.514069,11163300,968
2021-12-16,145.770004,146.529999,142.889999,143.339996,141.121658,13023200,969
2021-12-17,142.75,143.949997,138.389999,138.75,136.602707,26193700,970
2021-12-20,138.119995,139.75,137.600006,139.199997,137.045731,10339300,971
2021-12-21,138.899994,139.860001,138.009995,139.619995,137.459229,8206800,972
2021-12-22,139.899994,139.990005,138.529999,139.800003,137.636444,5676000,973
2021-12-23,139.800003,140.160004,138.850006,139.490005,137.331253,5864200,974
2021-12-27,139.600006,140.869995,139.570007,140.759995,138.581573,5346900,975
2021-12-28,140.600006,142.970001,140.600006,142.779999,140.570343,5261000,976
2021-12-29,142.660004,143.529999,142.320007,142.710007,140.501419,4348400,977
2021-12-30,143.259995,143.699997,142.479996,143.169998,140.954285,4983000,978
2021-12-31,143.199997,145.039993,142.919998,144.690002,142.450775,5982600,979
2022-01-03,144,144.789993,143.009995,144.649994,142.411362,6902200,980
2022-01-04,144.039993,145.139999,141.759995,142,139.802414,11310000,981
2022-01-05,142.850006,145.949997,142.740005,143.919998,141.692673,11806000,982
2022-01-06,143.619995,144.639999,142.399994,143.520004,141.298904,7276300,983
2022-01-07,143.5,145.360001,142.960007,144.889999,142.647675,6574500,984
2022-01-10,145.440002,145.589996,143.119995,144.610001,142.371994,7577200,985
2022-01-11,144.210007,144.619995,143.179993,144.199997,141.968353,7222900,986
2022-01-12,143.679993,143.960007,143,143.440002,141.220123,6315600,987
2022-01-13,143.429993,145.679993,143.110001,145.470001,143.218719,8084200,988
2022-01-14,144.220001,146.630005,144.220001,145.059998,142.815063,8955800,989
2022-01-18,144.410004,144.699997,142.130005,142.520004,140.314362,7041300,990
2022-01-19,142.539993,144.990005,141.919998,143.940002,141.712372,7558000,991
2022-01-20,142.350006,144.460007,141.070007,141.220001,139.034485,7462400,992
2022-01-21,141.220001,142.259995,140.059998,140.190002,138.020401,9169400,993
2022-01-24,139.070007,140.529999,137.309998,140.199997,138.030273,9566400,994
2022-01-25,139.990005,140.369995,136.809998,137.149994,135.027451,9826500,995
2022-01-26,137.339996,138.789993,135.160004,135.75,133.649124,8728500,996
2022-01-27,136.919998,139.080002,135.369995,135.839996,133.737747,9253000,997
2022-01-28,136,137.570007,133.949997,137.520004,135.391724,8377300,998
2022-01-31,137.089996,140.039993,136.699997,139.809998,137.646286,6731200,999
2022-02-01,139.210007,141.149994,138.990005,140.910004,138.729279,6774400,1000
2022-02-02,141,141.639999,140.149994,140.850006,138.670212,6049900,1001
2022-02-03,140.259995,141.990005,139.770004,140.990005,138.808044,6913700,1002
2022-02-04,140.889999,141,138.350006,139.330002,137.173721,7345500,1003
2022-02-07,140.059998,140.070007,137.610001,137.960007,135.824921,6670100,1004
2022-02-08,138.320007,139.240005,137.509995,137.990005,135.854477,6486300,1005
2022-02-09,138.5,138.789993,137.470001,137.690002,135.559113,7157900,1006
2022-02-10,136.550003,137.009995,135.460007,136.080002,133.974014,9270200,1007
2022-02-11,136.820007,137.179993,134.169998,135.330002,133.235611,7911100,1008
2022-02-14,135.330002,135.960007,132.710007,133.949997,131.876984,9787800,1009
2022-02-15,134.740005,135.669998,133.789993,134.369995,132.290482,7274800,1010
2022-02-16,134.330002,134.880005,132.699997,133.529999,131.46347,9496900,1011
2022-02-17,134,139.470001,133.779999,138.880005,136.730713,17943800,1012
2022-02-18,138.100006,139.589996,137.160004,137.990005,135.854477,10367800,1013
2022-02-22,137.770004,138.240005,135.940002,136.449997,134.338287,8460300,1014
2022-02-23,136.860001,137.190002,134.839996,135.050003,132.959976,7010300,1015
2022-02-24,133.910004,135.009995,132.009995,134.529999,132.447998,10572500,1016
2022-02-25,134.809998,136.779999,134.089996,136.380005,134.269379,8332600,1017
2022-02-28,135,136.070007,133.770004,135.160004,133.068268,8762200,1018
2022-03-01,135.869995,137.889999,135.020004,135.990005,133.885422,8008300,1019
2022-03-02,135.660004,136.830002,135.179993,136.160004,134.05278,7954600,1020
2022-03-03,137.289993,140.470001,136.550003,139.289993,137.134338,9961700,1021
2022-03-04,137.809998,142.940002,137.589996,142.820007,140.609711,11858800,1022
2022-03-07,141.300003,143.630005,140.449997,141.669998,139.477509,15290000,1023
2022-03-08,141.5,142.460007,138.580002,138.740005,136.592865,9435200,1024
2022-03-09,140,140.240005,138.139999,139.460007,137.301727,7374300,1025
2022-03-10,139.490005,143,139.009995,142.630005,140.422668,9170900,1026
2022-03-11,142.300003,144.050003,141.880005,142.070007,139.871323,6387400,1027
2022-03-14,142.020004,144.850006,141.990005,144.050003,141.820679,7548800,1028
2022-03-15,144.529999,146.149994,143.850006,145.779999,143.523895,7624200,1029
2022-03-16,145.389999,146.940002,143.699997,145.350006,143.100555,8205300,1030
2022-03-17,144.449997,145.300003,142.649994,145.009995,143.317978,6341000,1031
2022-03-18,145.179993,145.570007,144.110001,145.440002,143.742981,10411100,1032
2022-03-21,145.429993,147.289993,143.619995,144.229996,142.547089,7116900,1033
2022-03-22,144.610001,144.970001,142.979996,143.800003,142.122116,6745000,1034
2022-03-23,143.139999,143.729996,141.520004,141.949997,140.293701,6541800,1035
2022-03-24,142.389999,143.910004,141.880005,142.830002,141.163422,4480300,1036
2022-03-25,143.449997,143.929993,142.259995,143.449997,141.776199,4695100,1037
2022-03-28,143.5,146.059998,143.300003,146,144.296432,6701900,1038
2022-03-29,146.600006,148.100006,146.25,147.229996,145.51207,6644800,1039
2022-03-30,147.130005,150.179993,147.039993,149.869995,148.121277,8330500,1040
2022-03-31,148.789993,150.539993,148.179993,148.919998,147.182358,9054600,1041
2022-04-01,149.660004,151.270004,148.839996,151.009995,149.247986,6979900,1042
2022-04-04,150.910004,153.199997,150.080002,151.039993,149.277618,8444200,1043
2022-04-05,150.880005,153.330002,150.880005,151.470001,149.702621,6219300,1044
2022-04-06,151.020004,155.419998,150.5,154.990005,153.181534,9339500,1045
2022-04-07,155.100006,157.539993,154.440002,156.539993,154.713455,9029400,1046
2022-04-08,156.910004,158.410004,156.210007,157.410004,155.573303,7764800,1047
2022-04-11,156.970001,158.240005,153.630005,154.289993,152.489716,8237600,1048
2022-04-12,154.240005,155.399994,152.550003,153.229996,151.442093,8920400,1049
2022-04-13,153.449997,157.789993,153.350006,157.220001,155.385529,9761500,1050
2022-04-14,157.110001,158.289993,156.429993,157.080002,155.247162,7453500,1051
2022-04-18,156.75,157.979996,155.210007,155.880005,154.061157,4890600,1052
2022-04-19,156.669998,157.949997,156.039993,157.649994,155.810501,5285000,1053
2022-04-20,158.350006,160.350006,158.289993,159.630005,157.767395,6607200,1054
2022-04-21,159.919998,160.770004,159.070007,159.869995,158.004593,6056100,1055
2022-04-22,160.25,160.360001,156.660004,156.860001,155.029724,7015400,1056
2022-04-25,156.369995,157.470001,154.350006,156.940002,155.108795,6019200,1057
2022-04-26,156.369995,158.130005,155.199997,155.300003,153.48793,6533700,1058
2022-04-27,155.529999,156.199997,154.020004,154.240005,152.440308,5832300,1059
2022-04-28,155.229996,156.979996,154.100006,156.210007,154.387314,4985300,1060
2022-04-29,155.809998,156.220001,152.710007,152.990005,151.20488,7029600,1061
2022-05-02,154.960007,154.990005,150.320007,151.979996,150.20665,6672000,1062
2022-05-03,152.429993,154.279999,151.779999,152.509995,150.730484,5983500,1063
2022-05-04,152.029999,154.820007,151.509995,154.619995,152.815872,6674200,1064
2022-05-05,153.639999,153.830002,151.399994,152.740005,151.506516,7744800,1065
2022-05-06,151.710007,153.949997,148.270004,149.559998,148.352203,11419400,1066
2022-05-09,148.470001,153.100006,148.190002,151.309998,150.088058,9402400,1067
2022-05-10,151.429993,152.289993,148.559998,149.179993,147.97525,8287100,1068
2022-05-11,149.399994,150.75,146.910004,147.619995,146.427856,9292900,1069
2022-05-12,147.860001,150.149994,146.520004,147.479996,146.288986,8414800,1070
2022-05-13,147.710007,148.380005,146.139999,148.050003,146.854401,6654100,1071
2022-05-16,149.380005,149.729996,146.460007,148.210007,147.013107,7149700,1072
2022-05-17,136.429993,137.440002,130.639999,131.350006,130.289261,44313400,1073
2022-05-18,128.029999,128.270004,121.529999,122.43,121.441292,34751000,1074
2022-05-19,120.870003,121.790001,118.599998,119.07,118.108429,23669500,1075
2022-05-20,119.639999,120.839996,117.269997,119.199997,118.237373,16452000,1076
2022-05-23,119.919998,123.769997,119.860001,122.599998,121.609917,14560300,1077
2022-05-24,121.209999,124.550003,121.080002,124.129997,123.127563,11528300,1078
2022-05-25,124,124.669998,122.599998,123.370003,122.373703,9040600,1079
2022-05-26,125.300003,126.400002,124.400002,126,124.982468,9399200,1080
2022-05-27,125.489998,128.619995,125.309998,128.479996,127.442429,8433300,1081
2022-05-31,127.459999,129.899994,127.419998,128.630005,127.591217,12304100,1082
2022-06-01,128.5,128.919998,124.68,125.449997,124.436897,9511600,1083
2022-06-02,125.57,127.529999,124.330002,127.510002,126.48027,7738100,1084
2022-06-03,126.669998,127.419998,125.089996,125.32,124.307953,6100900,1085
2022-06-06,125.82,126.300003,124.589996,124.870003,123.861595,6618500,1086
2022-06-07,121.239998,123.489998,120.879997,123.370003,122.373703,15902600,1087
2022-06-08,122.349998,123.910004,121.949997,122.300003,121.312347,7507600,1088
2022-06-09,122,124.349998,120.989998,121.019997,120.042679,6626700,1089
2022-06-10,119.75,122.739998,119.339996,121.699997,120.717186,8412700,1090
2022-06-13,119.739998,121.239998,119.089996,119.410004,118.445679,8299300,1091
2022-06-14,119.129997,120,118.169998,119.459999,118.495277,7181400,1092
2022-06-15,119.970001,120.410004,117.900002,119.379997,118.415916,8638000,1093
2022-06-16,118.349998,121.760002,118.230003,120.620003,119.645912,10235600,1094
2022-06-17,120.019997,120.879997,117.970001,118.290001,117.334724,12279600,1095
2022-06-21,118.300003,122.779999,118.220001,122.169998,121.183388,7972200,1096
2022-06-22,122.099998,123.25,120.589996,120.690002,119.71534,6745000,1097
2022-06-23,121.75,123.959999,121.199997,123.620003,122.621681,6013600,1098
2022-06-24,124.089996,125.309998,123.160004,123.720001,122.720879,10615300,1099
2022-06-27,123.779999,124.739998,122.790001,124.120003,123.117645,6629700,1100
2022-06-28,124.660004,125.57,122.290001,122.370003,121.381775,5133000,1101
2022-06-29,122.889999,123.349998,120.970001,121.919998,120.93541,6370500,1102
2022-06-30,120.879997,122.059998,119.889999,121.580002,120.598152,6388700,1103
2022-07-01,121.940002,122.919998,121.160004,122.629997,121.639671,5820300,1104
2022-07-05,122.209999,124.510002,121.610001,124.25,123.246597,6072700,1105
2022-07-06,124.480003,126.279999,124.300003,125.129997,124.119484,7100000,1106
2022-07-07,125.190002,125.529999,124.120003,125.32,124.307953,5829100,1107
2022-07-08,125.82,126.610001,125.150002,125.400002,124.387306,4917000,1108
2022-07-11,125.019997,126.330002,124.620003,125.449997,124.436897,3844300,1109
2022-07-12,125.110001,127.129997,124.720001,125.07,124.059967,4577400,1110
2022-07-13,124.440002,126.459999,123.910004,125.370003,124.357552,4229700,1111
2022-07-14,124.160004,128.320007,124.139999,127.82,126.787766,6968500,1112
2022-07-15,128.800003,130.270004,128.050003,129.070007,128.027679,7061400,1113
2022-07-18,128.649994,130.300003,128.259995,128.770004,127.730095,4747900,1114
2022-07-19,129.389999,129.960007,128.600006,129.559998,128.513718,5665100,1115
2022-07-20,130.509995,131.309998,129.5,130.639999,129.584991,6188300,1116
2022-07-21,130.679993,132.559998,130.5,132.550003,131.479568,6254900,1117
2022-07-22,132.539993,133.389999,131.229996,132.210007,131.142319,4538800,1118
2022-07-25,132.389999,132.699997,131.460007,132.020004,130.953842,6845100,1119
2022-07-26,121.129997,122.690002,120.059998,121.980003,120.994926,31797200,1120
2022-07-27,121.239998,126.769997,121.029999,126.589996,125.567696,14053200,1121
2022-07-28,126.269997,130.509995,126.269997,129.75,128.702179,11087400,1122
2022-07-29,128.320007,132.259995,128.009995,132.050003,130.983612,10047300,1123
2022-08-01,131.059998,134.229996,131,132.539993,131.469635,8332100,1124
2022-08-02,133.149994,133.710007,131.399994,132.679993,131.608521,6565000,1125
2022-08-03,132.160004,132.940002,129.860001,130.5,129.446121,10667700,1126
2022-08-04,130.669998,130.800003,125.330002,125.57,124.555931,17702000,1127
2022-08-05,125.510002,126.809998,125.120003,126.580002,125.557777,10669000,1128
2022-08-08,126.650002,128.210007,126.610001,127.610001,126.57946,6058400,1129
2022-08-09,127.889999,128.970001,127.209999,128.869995,127.829277,6441700,1130
2022-08-10,130,130.149994,128.389999,129.139999,128.097107,8417000,1131
2022-08-11,129.699997,130.369995,128.600006,129.820007,129.332458,7951500,1132
2022-08-12,130,132.839996,129.820007,132.220001,131.723434,8875000,1133
2022-08-15,131.630005,133.570007,131.360001,132.600006,132.102005,8838700,1134
2022-08-16,138.899994,140.929993,138.190002,139.369995,138.846573,30591100,1135
2022-08-17,138.570007,142.720001,138.399994,139.520004,138.996017,13930700,1136
2022-08-18,139.529999,140.419998,138.5,139.070007,138.547714,6399200,1137
2022-08-19,138.919998,139.070007,136.910004,137.020004,136.505402,7639600,1138
2022-08-22,136.199997,136.720001,134.440002,134.570007,134.064606,6222400,1139
2022-08-23,134.610001,134.960007,133.210007,134,133.49675,5651700,1140
2022-08-24,134.350006,135.289993,133.600006,134.970001,134.463104,5255500,1141
2022-08-25,135.279999,135.990005,135.029999,135.869995,135.359711,6471500,1142
2022-08-26,136.110001,136.830002,131.509995,131.600006,131.105759,7110600,1143
2022-08-29,130.830002,133.869995,130.589996,132.880005,132.380951,5793900,1144
2022-08-30,133.339996,133.649994,131.740005,132.479996,131.982452,4822700,1145
2022-08-31,132.779999,133.789993,131.929993,132.550003,132.0522,7486900,1146
2022-09-01,132.539993,135.139999,132.399994,134.479996,133.974945,7247300,1147
2022-09-02,134.850006,135.669998,132.440002,133,132.500504,5744800,1148
2022-09-06,133.050003,133.619995,130.720001,132.339996,131.842972,7299900,1149
2022-09-07,133.059998,135.970001,132.740005,135.740005,135.230209,5686300,1150
2022-09-08,135.399994,136.869995,134.880005,136.429993,135.917618,5652000,1151
2022-09-09,136.300003,137.5,136.130005,136.839996,136.32608,5380200,1152
2022-09-12,137.080002,138.25,136.970001,138.070007,137.551468,4761500,1153
2022-09-13,136.860001,137.949997,134.809998,135.220001,134.712158,5895800,1154
2022-09-14,135.630005,136.529999,134.100006,134.919998,134.413284,6644900,1155
2022-09-15,135.050003,135.149994,132.970001,133.470001,132.968735,6729800,1156
2022-09-16,132,134.550003,131.279999,133.190002,132.689789,13958100,1157
2022-09-19,132.820007,134.759995,132.470001,134.330002,133.825516,5617700,1158
2022-09-20,133.479996,133.880005,132.539993,133.550003,133.048431,4654500,1159
2022-09-21,135.440002,137.449997,134.619995,134.770004,134.263855,8301200,1160
2022-09-22,134.570007,134.720001,132.839996,133.389999,132.889038,5581500,1161
2022-09-23,132.869995,133.179993,128.770004,130.059998,129.571533,9065100,1162
2022-09-26,128.75,132.139999,128.270004,131.309998,130.816849,7670400,1163
2022-09-27,132.229996,133.429993,130.300003,130.949997,130.458191,5723900,1164
2022-09-28,131.410004,133.649994,129.720001,133.110001,132.610092,5612800,1165
2022-09-29,133.5,134.119995,131.630005,132.25,131.753311,5080500,1166
2022-09-30,132.240005,132.360001,129.699997,129.699997,129.212891,6534100,1167
2022-10-03,130.240005,132.789993,130.009995,132.529999,132.032272,5858300,1168
2022-10-04,133.860001,135.199997,133.369995,134.25,133.745804,5378100,1169
2022-10-05,133.759995,134.619995,132.509995,132.919998,132.420807,4851300,1170
2022-10-06,133.080002,134.479996,131.580002,131.679993,131.185455,4733500,1171
2022-10-07,131.309998,131.649994,128.070007,128.559998,128.077179,5693500,1172
2022-10-10,129.529999,129.929993,128.279999,129.320007,128.834335,3803900,1173
2022-10-11,129.509995,133.800003,129.460007,132.669998,132.171738,7092000,1174
2022-10-12,133.009995,134.770004,130.970001,131.169998,130.677368,5649200,1175
2022-10-13,129.279999,132.940002,128.369995,132.279999,131.783203,6848500,1176
2022-10-14,132.440002,133.220001,130.050003,130.429993,129.94014,5547000,1177
2022-10-17,130.960007,132.830002,130.589996,131.369995,130.876617,5937500,1178
2022-10-18,133.429993,135.100006,133.330002,134.139999,133.636215,5614100,1179
2022-10-19,134.330002,134.729996,132.970001,133.759995,133.257645,3779800,1180
2022-10-20,133.979996,135.399994,133.649994,134.089996,133.586411,4251600,1181
2022-10-21,134.809998,137.410004,134,136.800003,136.28624,6044900,1182
2022-10-24,137.449997,140.479996,137.130005,139.410004,138.886429,6268900,1183
2022-10-25,139.089996,140.440002,138.320007,140.070007,139.543961,5017100,1184
2022-10-26,140.360001,142.039993,139.820007,141.139999,140.609924,6918100,1185
2022-10-27,141.009995,142.100006,140.289993,140.729996,140.201462,5534300,1186
2022-10-28,140.050003,142.899994,140.039993,142.509995,141.974777,4549400,1187
2022-10-31,142.339996,143.070007,141.770004,142.330002,141.795456,7524000,1188
2022-11-01,142.970001,143.550003,141.5,141.690002,141.157867,4938100,1189
2022-11-02,141.160004,143.570007,140.699997,140.75,140.22139,5174000,1190
2022-11-03,139.509995,141.710007,139.080002,140.720001,140.191513,3658800,1191
2022-11-04,142.029999,142.210007,138.789993,140.970001,140.440567,4889800,1192
2022-11-07,141.259995,142.970001,141.259995,142.449997,141.915009,3788000,1193
2022-11-08,142.580002,144.070007,141.509995,142.789993,142.253723,5022800,1194
2022-11-09,142.759995,143.160004,139.210007,139.470001,138.946198,5310700,1195
2022-11-10,142.509995,142.690002,140.5,142.360001,141.825348,6770200,1196
2022-11-11,142.669998,143.119995,139.990005,142.580002,142.044525,6423600,1197
2022-11-14,141.639999,143.320007,138.270004,138.389999,137.870255,12508600,1198
2022-11-15,145.610001,150.270004,144.550003,147.440002,146.886276,25516200,1199
2022-11-16,147.880005,150.199997,147.119995,148.5,147.942291,10864400,1200
2022-11-17,147.009995,148.729996,146.710007,148,147.444168,8263800,1201
2022-11-18,149.669998,150.240005,148.770004,150.229996,149.665787,6329000,1202
2022-11-21,150.610001,152.139999,150.190002,151.149994,150.582336,7052400,1203
2022-11-22,152,152.449997,151.119995,151.690002,151.120316,5632800,1204
2022-11-23,152.080002,153.369995,151.880005,152.419998,151.847565,5640200,1205
2022-11-25,152.119995,153.089996,151.860001,153.070007,152.495132,2925800,1206
2022-11-28,152.720001,154.639999,152.720001,153.509995,152.933472,5891600,1207
2022-11-29,153.029999,153.710007,152.550003,152.970001,152.395508,4613900,1208
2022-11-30,152.610001,152.770004,151.199997,152.419998,151.847565,10446000,1209
2022-12-01,152.050003,153.610001,150.729996,153.369995,152.793991,7577400,1210
2022-12-02,151.479996,153.240005,151.479996,153.220001,152.644562,6911000,1211
2022-12-05,152.75,153,150.509995,151.649994,151.08046,7869400,1212
2022-12-06,151.199997,151.910004,149.210007,149.889999,149.327072,6875200,1213
2022-12-07,150.5,151.210007,148.820007,149.110001,148.550003,5850100,1214
2022-12-08,149.160004,149.279999,148.139999,148.779999,148.779999,4504200,1215
2022-12-09,147.470001,147.720001,145.220001,145.309998,145.309998,9309800,1216
2022-12-12,145.899994,148.100006,145.559998,148.020004,148.020004,6477400,1217
2022-12-13,150,150.199997,146.740005,147.490005,147.490005,7802700,1218
2022-12-14,147.089996,148.529999,145.960007,146.669998,146.669998,6778200,1219
2022-12-15,145.580002,146.419998,143.630005,145.360001,145.360001,5838000,1220
2022-12-16,144.479996,144.720001,142.570007,142.75,142.75,13447700,1221
2022-12-19,143.009995,143.559998,141.729996,142.800003,142.800003,5022500,1222
2022-12-20,142.919998,144.639999,142.25,144.050003,144.050003,5669800,1223
2022-12-21,144.320007,145.940002,144.259995,145.179993,145.179993,4575500,1224
2022-12-22,144.770004,144.979996,141.929993,143.479996,143.479996,4360800,1225
2022-12-23,143.050003,143.800003,142.279999,143.770004,143.770004,3182500,1226
2022-12-27,144.039993,144.449997,143.190002,143.809998,143.809998,3348200,1227
2022-12-28,143.470001,143.669998,140.910004,141.289993,141.289993,5082100,1228
2022-12-29,142.139999,143.020004,141.75,142.149994,142.149994,3057300,1229
2022-12-30,141.559998,141.990005,140.809998,141.789993,141.789993,3834800,1230
2023-01-03,142.550003,143.710007,142.089996,143.600006,143.600006,5749900,1231
2023-01-04,143.419998,144.050003,142.070007,143.759995,143.759995,4446100,1232
2023-01-05,143.460007,144.130005,142.649994,143.270004,143.270004,4424800,1233
2023-01-06,144.600006,147.550003,144.240005,146.779999,146.779999,7076300,1234
2023-01-09,146.320007,147.860001,144.800003,144.949997,144.949997,5918900,1235
2023-01-10,144.940002,145.449997,143.729996,144.860001,144.860001,3990200,1236
2023-01-11,145.740005,146.179993,144.729996,146.130005,146.130005,4944900,1237
2023-01-12,146.410004,146.419998,144.389999,144.809998,144.809998,4157600,1238
2023-01-13,145.529999,145.820007,143.860001,145.289993,145.289993,4566600,1239
2023-01-17,145.289993,145.710007,144.199997,144.410004,144.410004,5040800,1240
2023-01-18,144.199997,144.25,140.479996,140.839996,140.839996,7558100,1241
2023-01-19,141.389999,141.529999,138.789993,138.830002,138.830002,5780700,1242
2023-01-20,139.399994,140.779999,138.169998,140.539993,140.539993,9841500,1243
2023-01-23,140.460007,143.009995,140.199997,142.639999,142.639999,4383300,1244
2023-01-24,146.550003,159.880005,141,143.020004,143.020004,4556500,1245
2023-01-25,142.240005,142.839996,140.389999,142.339996,142.339996,4163900,1246
2023-01-26,143.029999,143.75,141.759995,142.210007,142.210007,5273000,1247
2023-01-27,142.600006,144.470001,141.75,143.300003,143.300003,6135900,1248
2023-01-30,142.119995,142.449997,141.270004,142.149994,142.149994,5299200,1249
2023-01-31,142.320007,143.880005,141.660004,143.869995,143.869995,4701200,1250
2023-02-01,143.660004,145.610001,142.699997,144.669998,144.669998,4283100,1251
2023-02-02,144.410004,144.860001,142.940002,143.619995,143.619995,5935600,1252
2023-02-03,143.360001,143.960007,140.860001,141.710007,141.710007,5717000,1253
2023-02-06,141.820007,142.100006,140.029999,140.679993,140.679993,5818000,1254
2023-02-07,139.770004,141.300003,138.690002,140.979996,140.979996,5447100,1255
2023-02-08,140.330002,141.100006,139.990005,140.220001,140.220001,3897100,1256
2023-02-09,140.869995,141.940002,140.570007,141.520004,141.520004,4354800,1257
,,,,,,,1258
,,,,,,,1259